source,target
Comisión Federal de Electricidad,Daniela Puga
Comisión Federal de Electricidad,Jose Daniel Villarreal
Comisión Federal de Electricidad,Ricardo Gastélum
Comisión Federal de Electricidad,Ricardo Gastélum
Comisión Federal de Electricidad,Ramón Ramos
Comisión Federal de Electricidad,César Holguín
Comisión Federal de Electricidad,Sofia Chacón
Comisión Federal de Electricidad,María Soledad Zamarreno
Comisión Federal de Electricidad,Anita Alanis
Comisión Federal de Electricidad,Elías Flórez
Comisión Federal de Electricidad,José Luis Delvalle
Comisión Federal de Electricidad,Raquel Arroyo
Comisión Federal de Electricidad,Manuela Rivas
Comisión Federal de Electricidad,Kevin Xenia
Comisión Federal de Electricidad,Isabel Carrasco
Comisión Federal de Electricidad,Manuel Navarro
Comisión Federal de Electricidad,Reina Calderón
Comisión Federal de Electricidad,Ramón Ramos
Comisión Federal de Electricidad,Raquel Ceja
Comisión Federal de Electricidad,Jorge Carrion
Comisión Federal de Electricidad,Octavio Colunga
Comisión Federal de Electricidad,Jimena Marrero
Comisión Federal de Electricidad,Ramón Ramos
Comisión Federal de Electricidad,Gloria Reyna
Comisión Federal de Electricidad,Manuel Blanco
Comisión Federal de Electricidad,Axel Saucedo
Comisión Federal de Electricidad,Marilu Samaniego
Comisión Federal de Electricidad,Josefina Cedillo
Comisión Federal de Electricidad,Sonia Karem
Comisión Federal de Electricidad,Diego Sepúlveda
Comisión Federal de Electricidad,Alberto Korta
Comisión Federal de Electricidad,Xochitl Cuellar
Comisión Federal de Electricidad,Ángela Valencia
Comisión Federal de Electricidad,Raquel Ceja
Comisión Federal de Electricidad,Marilu Samaniego
Comisión Federal de Electricidad,Manuel Cerda
Comisión Federal de Electricidad,Nicolás Sanches
Comisión Federal de Electricidad,Alfonso Tafoya
Comisión Federal de Electricidad,Kevin Xenia
Comisión Federal de Electricidad,Fernando Javier Rosales
Comisión Federal de Electricidad,Emmanuel Guerrero
Comisión Federal de Electricidad,Ana Victoria Collazo
Comisión Federal de Electricidad,Daniela Puga
Comisión Federal de Electricidad,Diego Sepúlveda
Comisión Federal de Electricidad,Ximena Aparicio
Comisión Federal de Electricidad,Daniela Ojeda
Comisión Federal de Electricidad,Josefina Cedillo
Comisión Federal de Electricidad,Emiliano Karen
Comisión Federal de Electricidad,Manuela Leiva
Comisión Federal de Electricidad,Adán Menchaca
Comisión Federal de Electricidad,Rebeca Bahena
Comisión Federal de Electricidad,Elisa Kuzmina
Comisión Federal de Electricidad,Gilberto Nevárez
Comisión Federal de Electricidad,Ana Luisa Alicea
Comisión Federal de Electricidad,María Cristina Alicea
Comisión Federal de Electricidad,Ángel Gabriel Lara
Comisión Federal de Electricidad,Lorena Tijerina
Comisión Federal de Electricidad,Alberto Korta
Comisión Federal de Electricidad,Lorena Tijerina
Comisión Federal de Electricidad,Mateo Barrientos
Comisión Federal de Electricidad,Mariano Niño
Comisión Federal de Electricidad,Elisa Alicea
Comisión Federal de Electricidad,Florencia Xiana
Comisión Federal de Electricidad,Jorge Luis Esparza
Comisión Federal de Electricidad,María Fernanda Flórez
Comisión Federal de Electricidad,Manuela Leiva
Comisión Federal de Electricidad,Monserrat Lomeli
Comisión Federal de Electricidad,Sonia Karem
Comisión Federal de Electricidad,Manuel Navarro
Comisión Federal de Electricidad,Raquel Ceja
Comisión Federal de Electricidad,Araceli Tamayo
Comisión Federal de Electricidad,Reina Calderón
Comisión Federal de Electricidad,Jorge Luis Melgar
Comisión Federal de Electricidad,Luz Armijo
SECRETARIA DE HACIENDA Y CREDITO PUBLICO,Verónica Tafoya
CONSEJO DE PROMOCION TURISTICA DE MEXICO S.A. DE C.V.,Clemente Rosario
ADMINISTRACION PORTUARIA INTEGRAL DE ENSENADA S.A. DE C.V.,José Eduardo Aguilera
CENTRO DE INVESTIGACION CIENTIFICA DE YUCATAN A.C.,Maximiliano Almaraz
SECRETARIA DE MEDIO AMBIENTE Y RECURSOS NATURALES,Patricio Urbina
REGISTRO AGRARIO NACIONAL,Antonia Sevilla
SECRETARIA DE AGRICULTURA GANADERIA DESARROLLO RURAL PESCA Y ALIMENTACION,Lilia Laboy
COMISION NACIONAL DE LIBROS DE TEXTO GRATUITOS,Carlota de Anda
SERVICIOS DE ALMACENAMIENTO DEL NORTE S.A.,Abraham Sotelo
COMISION NACIONAL PARA EL USO EFICIENTE DE LA ENERGIA,Vicente Roque
CENTRO DE INVESTIGACION Y SEGURIDAD NACIONAL,Diana Ruelas
ADMINISTRACION PORTUARIA INTEGRAL DE COATZACOALCOS S.A. DE C.V.,Matías Salcedo
COMISION NACIONAL BANCARIA Y DE VALORES,Francisco Javier Orellana
ARCHIVO GENERAL DE LA NACION,Cristian Perales
ADMINISTRACION PORTUARIA INTEGRAL DE LAZARO CARDENAS S.A. DE C.V.,Ramiro Estévez
INSTITUTO NACIONAL DE CARDIOLOGIA IGNACIO CHAVEZ,Elsa Garibay
INSTITUTO NACIONAL DE INVESTIGACIONES NUCLEARES,Martín Zamarripa
FIDEICOMISO DE FOMENTO MINERO,Andrés Fernández
CENTRO NACIONAL DE EQUIDAD DE GENERO Y SALUD REPRODUCTIVA,Ignacio Cantú
ADMINISTRACION FEDERAL DE SERVICIOS EDUCATIVOS EN EL DISTRITO FEDERAL,Carmen Muñiz
ADMINISTRACION PORTUARIA INTEGRAL DE TAMPICO S.A. DE C.V.,Diego Rendón
COMISION NACIONAL DE ARBITRAJE MEDICO,Elías Menchaca
ADMINISTRACION PORTUARIA INTEGRAL DE COATZACOALCOS S.A. DE C.V.,Luz Mata
ADMINISTRACION FEDERAL DE SERVICIOS EDUCATIVOS EN EL DISTRITO FEDERAL,Norma Zamarreno
CORPORACIÓN ÁNGELES VERDES,Araceli Granado
ADMINISTRACION PORTUARIA INTEGRAL DE VERACRUZ S.A. DE C.V.,Patricia Molina
CFE GENERACIÓN III,Emiliano Cabrera
TRANSPORTADORA DE SAL S.A. DE C.V.,Reina Salinas
AGROASEMEX S.A.,Emmanuel Paz
INSTITUTO MATIAS ROMERO DE ESTUDIOS DIPLOMATICOS,Lilia Hurtado
AGENCIA NACIONAL DE SEGURIDAD INDUSTRIAL Y DE PROTECCIÓN AL MEDIO AMBIENTE DEL SECTOR HIDROCARBUROS,Patricio Ponce
PROCURADURIA FEDERAL DEL CONSUMIDOR,Melany Rocha
COMISION PARA PREVENIR Y ERRADICAR LA VIOLENCIA CONTRA LAS MUJERES,Ángela Vanegas
COLEGIO SUPERIOR AGROPECUARIO DEL ESTADO DE GUERRERO,Aarón Orellana
"EL COLEGIO DE MEXICO, A.C.",Regina Ramón
"CIATEQ, A.C. CENTRO DE TECNOLOGIA AVANZADA",Homero Rael
AEROPUERTOS Y SERVICIOS AUXILIARES,Victoria Cordero
FIDEICOMISO PROMEXICO,Julio César Griego
COMISION NACIONAL DE AREAS NATURALES PROTEGIDAS,Raúl Castillo
INSTITUTO MEXICANO DE LA RADIO,Claudio Tapia
INSTITUTO DE ECOLOGIA A.C. (INV),Rosa María Reséndez
BANCO NACIONAL DEL EJERCITO FUERZA AEREA Y ARMADA S.N.C.,Florencia Cantú
COORDINACION NACIONAL DEL PROGRAMA DE DESARROLLO HUMANO OPORTUNIDADES,Ximena Manzanares
AGENCIA MEXICANA DE COOPERACIÓN INTERNACIONAL PARA EL DESARROLLO,Sofia Quiroz
FONDO DE GARANTIA Y FOMENTO PARA LAS ACTIVIDADES PESQUERAS,Mayte Báez
HOSPITAL REGIONAL DE ALTA ESPECIALIDAD DE IXTAPALUCA,Guillermo Orozco
"FONATUR MANTENIMIENTO TURISTICO, S.A. DE C.V.",Cecilia Frías
COMITÉ NACIONAL PARA EL DESARROLLO SUSTENTABLE DE LA CAÑA DE AZÚCAR,Leonardo Yunta
INSTITUTO NACIONAL DE MIGRACION,Manuela Escamilla
COMISION FEDERAL DE TELECOMUNICACIONES,Maximiliano Palomino
COMISION NACIONAL DE CULTURA FISICA Y DEPORTE,Juan Galván
PROCURADURIA FEDERAL DE LA DEFENSA DEL TRABAJO,Mariano Amador
LICONSA S.A. DE C.V.,Lucas Jáquez
INSTITUTO NACIONAL DE INVESTIGACIONES NUCLEARES,Mauricio Canales
"SECRETARIA DE DESARROLLO AGRARIO, TERRITORIAL Y URBANO",Conchita Sevilla
EL COLEGIO DE LA FRONTERA SUR,Beatriz Tirado
COLEGIO DE BACHILLERES,Emilio Baeza
INSTITUTO NACIONAL DE ESTUDIOS HISTORICOS DE LAS REVOLUCIONES DE MEXICO,Israel Rodrígez
AEROPUERTO INTERNACIONAL DE LA CIUDAD DE MEXICO S.A. DE C.V.,Martín Saavedra
PEMEX-GAS Y PETROQUIMICA BASICA,Alondra Romina Bustos
INSTITUTO FEDERAL DE ACCESO A LA INFORMACION PUBLICA,Lorenzo Barrera
SECRETARIA DE ENERGIA,Juan Manuel Fajardo
PRESIDENCIA DE LA REPUBLICA,Mariano Bahena
BANCO NACIONAL DE OBRAS Y SERVICIOS PUBLICOS S.N.C.,Josefina Velasco
SECRETARIA DE DESARROLLO SOCIAL,Alejandro Segovia
SECRETARIA DE LA FUNCION PUBLICA,María del Carmen Deleón
COMISION NACIONAL DE CULTURA FISICA Y DEPORTE,Melany Leal
INSTITUTO NACIONAL DE CIENCIAS PENALES,Aarón Sepúlveda
BANCO NACIONAL DE CREDITO RURAL S.N.C.,Juan Carlos Menchaca
TALLERES GRAFICOS DE MEXICO,Juan Manuel Verdugo
FERROCARRIL DEL ISTMO DE TEHUANTEPEC S.A. DE C.V.,Gloria Peres
CONSEJO DE PROMOCION TURISTICA DE MEXICO S.A. DE C.V.,Leonor Carrera
CASA DE MONEDA DE MEXICO,Octavio Parra
CONSEJO NACIONAL PARA PREVENIR LA DISCRIMINACION,Miguel Ángel Saldivar
FONDO NACIONAL PARA EL FOMENTO DE LAS ARTESANIAS,Brayan Uribe
COMISION NACIONAL DEL AGUA,Octavio Kindelan
ADMINISTRACION PORTUARIA INTEGRAL DE SALINA CRUZ S.A. DE C.V.,Alejandra Alonzo
REGISTRO AGRARIO NACIONAL,Ramiro Arredondo
TALLERES GRAFICOS DE MEXICO,Naomi Mata
CENTRO DE CAPACITACION CINEMATOGRAFICA A.C.,José Miguel Oquendo
CFE CORPORATIVO,Roberto Espinoza
NOTIMEX S.A. DE C.V.,Yolanda Alemán
COMISION NACIONAL DE ACUACULTURA Y PESCA,Ángel Daniel Prieto
SERVICIO DE PROTECCIÓN FEDERAL,Marisol Sotelo
ADMINISTRACION PORTUARIA INTEGRAL DE TOPOLOBAMPO S.A. DE C.V.,Erick Zúñiga
BANCO NACIONAL DE COMERCIO EXTERIOR S.N.C.,Luis Gabino Alicea
NOTIMEX S.A. DE C.V.,Emiliano Xacon
APOYOS Y SERVICIOS A LA COMERCIALIZACION AGROPECUARIA,Clara Barrera
CENTRO REGIONAL DE ALTA ESPECIALIDAD EN CHIAPAS,Julia Korta hernandez
NOTIMEX S.A. DE C.V.,Norma Cavazos
HOSPITAL REGIONAL DE ALTA ESPECIALIDAD DE CIUDAD VICTORIA BICENTENARIO 2010,Juan Pablo Arguello
PEMEX-GAS Y PETROQUIMICA BASICA,Damián Almonte
BANCO DEL AHORRO NACIONAL Y SERVICIOS FINANCIEROS S N C,Cristian Ramírez
"SECRETARIA DE DESARROLLO AGRARIO, TERRITORIAL Y URBANO",Francisco Cerda
TRIBUNAL SUPERIOR AGRARIO.,Graciela Pulido
BANCO NACIONAL DE CREDITO RURAL S.N.C.,Nicolás Cortez
COMISION NACIONAL DE SEGURIDAD NUCLEAR Y SALVAGUARDIAS,Laura Ortiz
SERVICIO DE INFORMACION AGROALIMENTARIA Y PESQUERA,Jorge Xiana
FIDEICOMISO FONDO DE CAPITALIZACION E INVERSION DEL SECTOR RURAL,Beatriz Roque
CENTRO DE INVESTIGACION Y DOCENCIA ECONOMICAS A.C.,Leticia Irizarry
CENTRO DE INVESTIGACION EN QUIMICA APLICADA,Melany García
INSTITUTO DE INVESTIGACIONES DR. JOSE MARIA LUIS MORA,Ramona Alicea
INSTITUTO MEXICANO DE LA JUVENTUD,Miranda Ulibarri
"FONATUR CONSTRUCTORA, S.A. DE C.V.",Ana Luisa Cantú
"NOTIMEX, AGENCIA DE NOTICIAS DEL ESTADO MEXICANO",Silvia Lovato
FONDO DE INFORMACION Y DOCUMENTACION PARA LA INDUSTRIA,Ana María Cruz
COMISION DE APELACION Y ARBITRAJE DEL DEPORTE,Gabriel Calvillo
FIDEICOMISO PARA LA CINETECA NACIONAL,Leticia Yunta
HOSPITAL REGIONAL DE ALTA ESPECIALIDAD DE LA PENINSULA DE YUCATAN,María Elena Zambrana
BANCO NACIONAL DE COMERCIO EXTERIOR S.N.C.,Benito Alcántar
INSTITUTO NACIONAL DEL DERECHO DE AUTOR,Antonio Manzanares
INSTITUTO FEDERAL DE ACCESO A LA INFORMACION PUBLICA,Gabriela Salinas
AGENCIA NACIONAL DE SEGURIDAD INDUSTRIAL Y DE PROTECCIÓN AL MEDIO AMBIENTE DEL SECTOR HIDROCARBUROS,Rosario Campos
INSTITUTO NACIONAL DE CANCEROLOGIA,José Eduardo Parra
INSTITUTO NACIONAL DE INVESTIGACIONES FORESTALES AGRICOLAS Y PECUARIAS,Graciela Godoy
UNIVERSIDAD PEDAGOGICA NACIONAL,Abraham Armendáriz
COMISION FEDERAL DE MEJORA REGULATORIA,Jose Daniel Sosa
INSTITUTO NACIONAL DE SALUD PUBLICA,Emilia Terán
CENTRO DE INVESTIGACION Y SEGURIDAD NACIONAL,María Banda
FONDO DE CULTURA ECONOMICA,Emmanuel Rosado
COMISION NACIONAL DE LOS SALARIOS MINIMOS,Evelyn Casárez
CENTRO DE ESTUDIOS SUPERIORES EN TURISMO,Joaquín Uribe
SERVICIO GEOLOGICO MEXICANO,Marisol Yago
TRANSPORTADORA DE SAL S.A. DE C.V.,Francisco Crespo
HOSPITAL REGIONAL DE ALTA ESPECIALIDAD DEL BAJIO,Gerardo Bañuelos
COMPAÑIA MEXICANA DE EXPLORACIONES S.A. DE C.V.,Natalia Beltrán
COMISION NACIONAL DE LAS ZONAS ARIDAS,Ernesto Bermúdez
COORDINACION NACIONAL DEL PROGRAMA DE DESARROLLO HUMANO OPORTUNIDADES,Estefanía Yáñez
ADMINISTRACION PORTUARIA INTEGRAL DE SALINA CRUZ S.A. DE C.V.,Ivan Calvillo
ADMINISTRACION PORTUARIA INTEGRAL DE MANZANILLO S.A. DE C.V.,Conchita Henríquez
CENTRO NACIONAL DE EQUIDAD DE GENERO Y SALUD REPRODUCTIVA,Francisco Zamudio
TRIBUNAL FEDERAL DE CONCILIACION Y ARBITRAJE,Ana María Nájera
SERVICIOS AEROPORTUARIOS DE LA CIUDAD DE MEXICO S.A. DE C.V.,Cristobal Heredia
FONDO DE OPERACION Y FINANCIAMIENTO BANCARIO A LA VIVIENDA,Esmeralda de Anda
FIDEICOMISO DE RIESGO COMPARTIDO,Juan Manuel Guevara
PEMEX-REFINACION,Alondra Romina Kanea
FONDO NACIONAL DE FOMENTO AL TURISMO,Salvador Vera
LICONSA S.A. DE C.V.,Octavio Limón
ADMINISTRACION PORTUARIA INTEGRAL DE DOS BOCAS S.A. DE C.V.,Blanca Muro
INSTITUTO DE ECOLOGIA A.C. (INV),Débora Arteaga
INSTITUTO DE INVESTIGACIONES DR. JOSE MARIA LUIS MORA,María Cabrera
ARCHIVO GENERAL DE LA NACION,Virginia Esquivel
ADMINISTRACION PORTUARIA INTEGRAL DE ALTAMIRA S.A. DE C.V.,Antonia Collazo
FONDO ESPECIAL DE ASISTENCIA TECNICA Y GARANTIA PARA LOS CREDITOS AGROPECUARIOS,Rosa María Robles
INSTITUTO DE SEGURIDAD SOCIAL PARA LAS FUERZAS ARMADAS MEXICANAS,Isabel Krasnova
CENTRO DE CAPACITACION CINEMATOGRAFICA A.C.,Mayte Domínquez
INSTITUTO DE SEGURIDAD SOCIAL PARA LAS FUERZAS ARMADAS MEXICANAS,Marilu Villagómez
INSTITUTO NACIONAL DE GERIATRÍA,Tomás Aparicio
PEMEX-GAS Y PETROQUIMICA BASICA,Concepción Roldán
LABORATORIOS DE BIOLOGICOS Y REACTIVOS DE MEXICO S.A. DE C.V.,Pablo Benavides
CENTRO DE INVESTIGACIONES Y ESTUDIOS SUPERIORES EN ANTROPOLOGIA SOCIAL,Ana Sofía Núñez
CFE SUMINISTRADOR DE SERVICIOS BÁSICOS,Ximena Posada
COMPAÑIA OPERADORA DEL CENTRO CULTURAL Y TURISTICO DE TIJUANA S.A. DE C.V.,Abril Zamarreno
CENTRO DE INVESTIGACIONES BIOLOGICAS DEL NOROESTE S.C.,Julio Toro
CENTRO NACIONAL DE EXCELENCIA TECNOLOGICA EN SALUD,Melany Valentín
COMISION NACIONAL PARA EL USO EFICIENTE DE LA ENERGIA,Marta Aguayo
BANCO NACIONAL DE OBRAS Y SERVICIOS PUBLICOS S.N.C.,Timoteo Monroy
CENTRO DE INVESTIGACION Y DE ESTUDIOS AVANZADOS DEL INSTITUTO POLITECNICO NACIONAL,José Miguel Lozano
CENTRO DE CAPACITACION CINEMATOGRAFICA A.C.,Verónica Fuentes
CFE SUMINISTRADOR DE SERVICIOS BÁSICOS,Alan Valadez
SERVICIO GEOLOGICO MEXICANO,Lucia Otero
I.I.I. SERVICIOS S.A. DE C.V.,Jesús Rodrígez
FIDEICOMISO FONDO DE CAPITALIZACION E INVERSION DEL SECTOR RURAL,Regina Gómez
ADMINISTRACION PORTUARIA INTEGRAL DE PROGRESO S.A. DE C.V.,Óscar Aguayo
CENTRO DE INVESTIGACION Y ASISTENCIA EN TECNOLOGIA Y DISEÑO DEL ESTADO DE JALISCO A.C.,Rosa Zelaya
HOSPITAL REGIONAL DE ALTA ESPECIALIDAD DE LA PENINSULA DE YUCATAN,Melissa Rincón
UNIVERSIDAD AUTONOMA METROPOLITANA,Ana Orosco
"INSTITUTO POTOSINO DE INVESTIGACION CIENTIFICA Y TECNOLOGICA, A.C.",Ángel Daniel Fajardo
AEROPUERTO INTERNACIONAL DE LA CIUDAD DE MEXICO S.A. DE C.V.,Marisol Valle
INSTITUTO MEXICANO DE LA RADIO,Ángela Garay
INSTITUTO DE ECOLOGIA A.C. (INV),Matías Figueroa
SERVICIOS DE ALMACENAMIENTO DEL NORTE S.A.,Marcela Negrón
CENTRO NACIONAL DE TRASPLANTES,José María Orosco
INSTITUTO FEDERAL DE ACCESO A LA INFORMACION PUBLICA,Emilio Valdés
CENTRO NACIONAL DE METROLOGIA,Mauricio Gracia
FONDO DE OPERACION Y FINANCIAMIENTO BANCARIO A LA VIVIENDA,Ivan Yami
CONSEJO NACIONAL DE CIENCIA Y TECNOLOGIA,María Valladares
SECRETARIA DE TURISMO,Marilu Rascón
"INSTITUTO POTOSINO DE INVESTIGACION CIENTIFICA Y TECNOLOGICA, A.C.",Julio César Hinojosa
INSTITUTO NACIONAL DE CARDIOLOGIA IGNACIO CHAVEZ,Yamileth Kindelan
COMISION DE OPERACION Y FOMENTO DE ACTIVIDADES ACADEMICAS DEL INSTITUTO POLITECNICO NACIONAL,Matías Bustamante
PATRONATO DE OBRAS E INSTALACIONES DEL INSTITUTO POLITECNICO NACIONAL,María Luisa Montemayor
COMISIÓN EJECUTIVA DE ATENCIÓN A VÍCTIMAS,Cristian Zamarripa
IMPRESORA Y ENCUADERNADORA PROGRESO S.A. DE C.V.,José Miguel Guajardo
INSTITUTO MEXICANO DE CINEMATOGRAFIA,Damián Rosas
SERVICIO DE PROTECCIÓN FEDERAL,Barbara Serrano
INSTITUTO MEXICANO DE LA PROPIEDAD INDUSTRIAL,Ana Luisa Villegas
INSTITUTO DE ADMINISTRACION Y AVALUOS DE BIENES NACIONALES,Gabriel Murillo
"ADMINISTRACION PORTUARIA INTEGRAL DE PUERTO MADERO, S.A. DE C.V.",Evelyn Polanco
CENTRO NACIONAL DE CONTROL DE ENERGÍA,Guillermo Correa
FIDEICOMISO FONDO NACIONAL DE HABITACIONES POPULARES,Víctor Alanis
CFE TRANSMISIÓN,Ernesto Porras
INSTITUTO NACIONAL PARA EL FEDERALISMO Y EL DESARROLLO MUNICIPAL,Óscar Solorio
SERVICIOS DE ALMACENAMIENTO DEL NORTE S.A.,Isabela Arroyo
FIDEICOMISO PROMEXICO,Lizbeth Carrero
COMISIÓN NACIONAL DE HIDROCARBUROS,Yamileth Collado
HOSPITAL REGIONAL DE ALTA ESPECIALIDAD DE CIUDAD VICTORIA BICENTENARIO 2010,Juan Rosario
SECRETARIA DE ENERGIA,María José Barrios
CENTRO DE ENSEÑANZA TECNICA INDUSTRIAL.,Ramona Garrido
CFE DISTRIBUCIÓN,Ana María Vera
CENTROS DE INTEGRACION JUVENIL A.C.,Kimberly Peña
FIDEICOMISO DE FOMENTO MINERO,Israel Salas
INSTITUTO NACIONAL DE INVESTIGACIONES FORESTALES AGRICOLAS Y PECUARIAS,Teresa Lomeli
CFE CORPORATIVO,Débora Cano
HOSPITAL REGIONAL DE ALTA ESPECIALIDAD DE IXTAPALUCA,Graciela Pulido
I.I.I. SERVICIOS S.A. DE C.V.,Axel Rubio
CENTRO DE INVESTIGACION EN ALIMENTACION Y DESARROLLO A.C.,Ximena Guadalupe Madrid
TRIBUNALES UNITARIOS AGRARIOS,Víctor Huerta
INSTITUTO NACIONAL PARA EL FEDERALISMO Y EL DESARROLLO MUNICIPAL,Martín Caldera
FONDO DE CULTURA ECONOMICA,Kimberly Bueno
INSTITUTO MEXICANO DE LA RADIO,Rosa Navarrete
SERVICIOS AEROPORTUARIOS DE LA CIUDAD DE MEXICO S.A. DE C.V.,Esteban Terán
FONDO ESPECIAL DE ASISTENCIA TECNICA Y GARANTIA PARA LOS CREDITOS AGROPECUARIOS,Jazmin Escamilla
FONDO NACIONAL DE FOMENTO AL TURISMO,Ximena Guadalupe Anguiano
"CIATEQ, A.C. CENTRO DE TECNOLOGIA AVANZADA",Pablo Razo
FIDEICOMISO FONDO NACIONAL DE HABITACIONES POPULARES,Juan Manuel Jaimes
INSTITUTO NACIONAL DE CIENCIAS PENALES,Esmeralda Rincón
INSTITUTO NACIONAL PARA LA EDUCACION DE LOS ADULTOS,Araceli Partida
TRIBUNAL FEDERAL DE CONCILIACION Y ARBITRAJE,Kevin Fernández
EL COLEGIO DE MICHOACAN A.C.,Emily Acuña
"CENTRO NACIONAL DE PLANEACION, ANALISIS E INFORMACION PARA EL COMBATE A LA DELINCUENCIA",Elvira Montes
INSTITUTO NACIONAL DE REHABILITACION,Adán Rodríquez
FIDEICOMISO PARA LA CINETECA NACIONAL,Regina Saldivar
FONDO ESPECIAL PARA FINANCIAMIENTOS AGROPECUARIOS,Jazmin Armas
SECCION MEXICANA DE LA COMISION INTERNACIONAL DE LIMITES Y AGUAS MEXICO-GUATEMALA-BELICE,Bernardo Arce
POLICIA FEDERAL,Clara Kindelan
PRODUCTORA NACIONAL DE BIOLOGICOS VETERINARIOS,Norma Espino
ADMINISTRACION PORTUARIA INTEGRAL DE GUAYMAS S.A. DE C.V.,Luis Gabino Orosco
CENTRO NACIONAL DE TRASPLANTES,Patricia Camacho
SERVICIO GEOLOGICO MEXICANO,Emilia Jaime
EXPORTADORA DE SAL S.A.DE C.V.,Jesús Vásquez
SECRETARÍA EJECUTIVA DEL SISTEMA NACIONAL ANTICORRUPCIÓN,Liliana Santiago
CENTRO DE INVESTIGACION Y DESARROLLO TECNOLOGICO EN ELECTROQUIMICA S.C.,Marta Miranda
CENTRO REGIONAL DE ALTA ESPECIALIDAD EN CHIAPAS,Axel Huixtlacatl
COLEGIO SUPERIOR AGROPECUARIO DEL ESTADO DE GUERRERO,Luis Ángel Jaime
FONDO DE EMPRESAS EXPROPIADAS DEL SECTOR AZUCARERO,Tadeo Quinta
CENTRO NACIONAL DE METROLOGIA,Guillermina Quintero
PATRONATO DE OBRAS E INSTALACIONES DEL INSTITUTO POLITECNICO NACIONAL,Diego Cortez
INSTITUTO NACIONAL DE INVESTIGACIONES NUCLEARES,Liliana Miramontes
TRIBUNAL FEDERAL DE JUSTICIA FISCAL Y ADMINISTRATIVA CON SEDE EN EL DISTRITO FEDERAL,Jacobo Casas
SECRETARIA DE LA DEFENSA NACIONAL,Luis Fernando Suárez
INSTITUTO NACIONAL DE MEDICINA GENOMICA,Concepción Gastélum
COMISION FEDERAL PARA LA PROTECCION CONTRA RIESGOS SANITARIOS,Carlota Barrios
"FONATUR CONSTRUCTORA, S.A. DE C.V.",Patricia Jurado
AGROASEMEX S.A.,Matías Delvalle
SECRETARIA GENERAL DEL CONSEJO NACIONAL DE POBLACION,Emilio Bustos
FONDO DE CULTURA ECONOMICA,Florencia Luevano
HOSPITAL REGIONAL DE ALTA ESPECIALIDAD DE IXTAPALUCA,Federico Candelaria
CENTRO NACIONAL DE EXCELENCIA TECNOLOGICA EN SALUD,Carmen Montoya
PREVENCION Y READAPTACION SOCIAL,Antonio Meza
HOSPITAL REGIONAL DE ALTA ESPECIALIDAD DE LA PENINSULA DE YUCATAN,Clara Karam
PETROLEOS MEXICANOS,Maricarmen Ramón
REGISTRO AGRARIO NACIONAL,Manuel Serna
SERVICIO DE PROTECCIÓN FEDERAL,Óscar Valenzuela
BANCO NACIONAL DEL EJERCITO FUERZA AEREA Y ARMADA S.N.C.,Mariana Xicoy
CENTRO NACIONAL DE METROLOGIA,Israel Girón
COMISION NACIONAL PARA EL USO EFICIENTE DE LA ENERGIA,Daniel Padrón
"NOTIMEX, AGENCIA DE NOTICIAS DEL ESTADO MEXICANO",Miranda Xicoy
INSTITUTO NACIONAL DE NEUROLOGIA Y NEUROCIRUGIA DR. MANUEL VELASCO SUAREZ,Santiago Terrazas
INSTITUTO DE SEGURIDAD Y SERVICIOS SOCIALES DE LOS TRABAJADORES DEL ESTADO,Martín Aragón
UNIVERSIDAD PEDAGOGICA NACIONAL,Guillermina Tirado
INSTITUTO NACIONAL DE CIENCIAS MEDICAS Y NUTRICION SALVADOR ZUBIRAN (INV),Estela Delarosa
LICONSA S.A. DE C.V.,Mauricio Camacho
INSTITUTO NACIONAL PARA LA EVALUACION DE LA EDUCACION,Graciela Leal
FONDO NACIONAL PARA EL FOMENTO DE LAS ARTESANIAS,Diana Romo
FERROCARRILES NACIONALES DE MEXICO,Enrique Mascareñas
SECCION MEXICANA DE LA COMISION INTERNACIONAL DE LIMITES Y AGUAS MEXICO-ESTADOS UNIDOS DE AMERICA,Natalia Deleón
SECCION MEXICANA DE LA COMISION INTERNACIONAL DE LIMITES Y AGUAS MEXICO-GUATEMALA-BELICE,Isaias Aguilera
SECRETARIA DE ECONOMIA,José Eduardo Almonte
ESTUDIOS CHURUBUSCO AZTECA S.A.,Óscar Tamayo
CENTRO NACIONAL PARA LA SALUD DE LA INFANCIA Y ADOLESCENCIA,Carlos Sepúlveda
FERROCARRIL DEL ISTMO DE TEHUANTEPEC S.A. DE C.V.,Victoria Casares
INSTITUTO MATIAS ROMERO DE ESTUDIOS DIPLOMATICOS,Benjamín Godoy
COLEGIO NACIONAL DE EDUCACION PROFESIONAL TECNICA,Kimberly Valentín
"CIATEC, A.C. CENTRO DE INNOVACION APLICADA EN TECNOLOGIAS COMPETITIVAS",Ivan Hurtado
FINANCIERA RURAL,Ernesto Roldán
TRANSPORTADORA DE SAL S.A. DE C.V.,José Emilio Lomeli
ADMINISTRACION PORTUARIA INTEGRAL DE COATZACOALCOS S.A. DE C.V.,José Emilio Xicoy
FIDEICOMISO PARA LA CINETECA NACIONAL,María Elena Girón
"CIATEQ, A.C. CENTRO DE TECNOLOGIA AVANZADA",Julio César Bustos
FONDO ESPECIAL PARA FINANCIAMIENTOS AGROPECUARIOS,María Soledad Ochoa
"INSTITUTO POTOSINO DE INVESTIGACION CIENTIFICA Y TECNOLOGICA, A.C.",María de Jesús Pulido
COMISION NACIONAL DE CULTURA FISICA Y DEPORTE,Gilberto Lara
SECRETARIADO EJECUTIVO DEL SISTEMA NACIONAL ANTICORRUPCIÓN,Victor Manuel Galván
INSTITUTO NACIONAL DE LA ECONOMÍA SOCIAL,Emiliano Gil
"FONATUR CONSTRUCTORA, S.A. DE C.V.",Conchita Ramírez
COLEGIO DE POSTGRADUADOS,Luis Gabino Rosario
HOSPITAL REGIONAL DE ALTA ESPECIALIDAD DE CIUDAD VICTORIA BICENTENARIO 2010,María Fernanda Sanches
COMISION NACIONAL PARA EL DESARROLLO DE LOS PUEBLOS INDIGENAS,Emilia Romero
FONDO ESPECIAL DE ASISTENCIA TECNICA Y GARANTIA PARA LOS CREDITOS AGROPECUARIOS,Julieta Delrío
INSTITUTO NACIONAL DE MIGRACION,Luis Fernando Piña
ADMINISTRACION DEL PATRIMONIO DE LA BENEFICENCIA PUBLICA,Rosalia Gutiérrez
TRIBUNAL SUPERIOR AGRARIO.,Gilberto Miranda
FIDEICOMISO FONDO NACIONAL DE HABITACIONES POPULARES,Jimena Ramírez
TRIBUNALES UNITARIOS AGRARIOS,Ramón Navarrete
INSTITUTO DE CAPACITACION Y PROFESIONALIZACION EN PROCURACION DE JUSTICIA FEDERAL,Dorotea Vega
SECRETARÍA EJECUTIVA DEL SISTEMA NACIONAL ANTICORRUPCIÓN,Soledad Rivas
SECRETARIA GENERAL DEL CONSEJO NACIONAL DE POBLACION,Amalia Tórrez
CENTRO DE INVESTIGACION Y DE ESTUDIOS AVANZADOS DEL INSTITUTO POLITECNICO NACIONAL,Hernán Apodaca
INSTITUTO NACIONAL PARA LA EDUCACION DE LOS ADULTOS,Esmeralda Alicea
INSTITUTO NACIONAL DE LA PESCA,César Delagarza
"EL COLEGIO DE MEXICO, A.C.",Natalia Tórrez
CFE DISTRIBUCIÓN,Dolores Jáquez
SERVICIO DE ADMINISTRACION Y ENAJENACION DE BIENES,Mariana Carrasquillo
NOTIMEX S.A. DE C.V.,Mateo Carrion
ADMINISTRACION PORTUARIA INTEGRAL DE DOS BOCAS S.A. DE C.V.,Yaretzi Xenia
COMISION FEDERAL DE ELECTRICIDAD,Juan Carlos Gil
ADMINISTRACION DEL PATRIMONIO DE LA BENEFICENCIA PUBLICA,Esperanza López
CFE GENERACIÓN V,Marta Irizarry
INSTITUTO PARA EL DESARROLLO TECNICO DE LAS HACIENDAS PUBLICAS,Manuela Pizarro
SECRETARIADO EJECUTIVO DEL SISTEMA NACIONAL DE SEGURIDAD PUBLICA,Valentina Sierra
TRANSPORTADORA DE SAL S.A. DE C.V.,Abraham Kadar rodriguez
HOSPITAL REGIONAL DE ALTA ESPECIALIDAD DE LA PENINSULA DE YUCATAN,Verónica Pacheco
FONDO NACIONAL DE FOMENTO AL TURISMO,Rodrigo Caldera
INSTITUTO DE INVESTIGACIONES ELECTRICAS,Teodoro Camacho
P.M.I. COMERCIO INTERNACIONAL S.A. DE C.V.,Marcela Acosta
INSTITUTO NACIONAL DE PERINATOLOGIA ISIDRO ESPINOSA DE LOS REYES,Florencia Samaniego
FINANCIERA RURAL,Joaquín Paredes
AGENCIA NACIONAL DE SEGURIDAD INDUSTRIAL Y DE PROTECCIÓN AL MEDIO AMBIENTE DEL SECTOR HIDROCARBUROS,Uriel Vega
INSTITUTO DE ECOLOGIA A.C. (INV),Gustavo Salas
FIDEICOMISO FONDO DE CAPITALIZACION E INVERSION DEL SECTOR RURAL,María de los Ángeles Gaitán
CASA DE MONEDA DE MEXICO,Yamileth Yanes
CENTRO NACIONAL DE PREVENCION DE DESASTRES,Ana Casillas
INSTITUTO NACIONAL DE LAS PERSONAS ADULTAS MAYORES,Alfonso Granados
HOSPITAL REGIONAL DE ALTA ESPECIALIDAD DE OAXACA,Gilberto Carranza
CENTRO DE ENSEÑANZA TECNICA INDUSTRIAL.,Elizabeth Quezada
EL COLEGIO DE LA FRONTERA NORTE A.C.,Eloisa Ozuna
CENTRO DE ENSEÑANZA TECNICA INDUSTRIAL.,Fatima Domínguez
UNIVERSIDAD ABIERTA Y A DISTANCIA DE MÉXICO,Jacobo Peralta
"FONATUR PRESTADORA DE SERVICIOS, S.A. DE C.V.",Rosa María Escobar
PROCURADURIA FEDERAL DEL CONSUMIDOR,Alejandra Alcala
INSTITUTO NACIONAL DE CARDIOLOGIA IGNACIO CHAVEZ,Naomi Heredia
ADMINISTRACION PORTUARIA INTEGRAL DE PROGRESO S.A. DE C.V.,Emilia Galván
CENTRO DE PRODUCCION DE PROGRAMAS INFORMATIVOS Y ESPECIALES,Verónica Rael
BANCO NACIONAL DEL EJERCITO FUERZA AEREA Y ARMADA S.N.C.,Octavio Karam
COMISION NACIONAL DE LIBROS DE TEXTO GRATUITOS,Mónica Arriaga
ADMINISTRACION PORTUARIA INTEGRAL DE MAZATLAN S.A. DE C.V.,Concepción Nájera
INSTITUTO NACIONAL DE LAS MUJERES,Víctor Pedroza
FONDO NACIONAL PARA EL FOMENTO DE LAS ARTESANIAS,Daniela Jaime
PRESIDENCIA DE LA REPUBLICA,Nicole Echevarría
COMISIÓN EJECUTIVA DE ATENCIÓN A VÍCTIMAS,María Elena Riojas
CENTRO NACIONAL PARA LA PREVENCIÓN Y EL CONTROL DE LAS ADICCIONES,Luis Miguel Carrero
ADMINISTRACION PORTUARIA INTEGRAL DE SALINA CRUZ S.A. DE C.V.,Elizabeth Nevárez
COLEGIO DE BACHILLERES,Victor Manuel Palacios
FONDO DE GARANTIA Y FOMENTO PARA LAS ACTIVIDADES PESQUERAS,Alondra Romina Karan
SECRETARIA DE MEDIO AMBIENTE Y RECURSOS NATURALES,Berta Yami
INSTITUTO DE ADMINISTRACION Y AVALUOS DE BIENES NACIONALES,Francisco Tamez
CFE SUMINISTRADOR DE SERVICIOS BÁSICOS,Irene Echevarría
INSTITUTO MEXICANO DE LA PROPIEDAD INDUSTRIAL,José Aponte
LABORATORIOS DE BIOLOGICOS Y REACTIVOS DE MEXICO S.A. DE C.V.,Vicente Pérez
SECRETARIA DE RELACIONES EXTERIORES,Brandon Ruiz
"FONATUR PRESTADORA DE SERVICIOS, S.A. DE C.V.",Emmanuel Castillo
CENTRO DE INVESTIGACION EN GEOGRAFIA Y GEOMATICA ING. JORGE L. TAMAYO A.C.,Isabel Gastélum
PROCURADURIA GENERAL DE LA REPUBLICA,Gonzalo Manzanares
LABORATORIOS DE BIOLOGICOS Y REACTIVOS DE MEXICO S.A. DE C.V.,Juan Pablo Abeyta
INSTITUTO MATIAS ROMERO DE ESTUDIOS DIPLOMATICOS,Agustín Crespo
ADMINISTRACION PORTUARIA INTEGRAL DE COATZACOALCOS S.A. DE C.V.,María de los Ángeles Cruz
CENTROS DE INTEGRACION JUVENIL A.C.,Nicolás Ballesteros
CENTRO DE INVESTIGACION CIENTIFICA Y DE EDUCACION SUPERIOR DE ENSENADA B.C.,Beatriz Balderas
SERVICIOS A LA NAVEGACION EN EL ESPACIO AEREO MEXICANO,Anita Soliz
INSTITUTO NACIONAL DE ASTROFISICA OPTICA Y ELECTRONICA,Mateo Escobar
"ADMINISTRACION PORTUARIA INTEGRAL DE PUERTO MADERO, S.A. DE C.V.",Mario Carrasco
COORDINACION GENERAL DE LA COMISION MEXICANA DE AYUDA A REFUGIADOS,Ximena Delao
INSTITUTO NACIONAL DE DESARROLLO SOCIAL,Patricio Villegas
TALLERES GRAFICOS DE MEXICO,Joaquín Grijalva
CENTRO DE INVESTIGACION EN GEOGRAFIA Y GEOMATICA ING. JORGE L. TAMAYO A.C.,Juan Carlos Luna
COMISIÓN EJECUTIVA DE ATENCIÓN A VÍCTIMAS,Iker Villegas
HOSPITAL REGIONAL DE ALTA ESPECIALIDAD DE CIUDAD VICTORIA BICENTENARIO 2010,Verónica Pantoja
ADMINISTRACION PORTUARIA INTEGRAL DE SALINA CRUZ S.A. DE C.V.,Jacobo Hernández
ADMINISTRACION PORTUARIA INTEGRAL DE TOPOLOBAMPO S.A. DE C.V.,Alan Varela
LABORATORIOS DE BIOLOGICOS Y REACTIVOS DE MEXICO S.A. DE C.V.,Emily Heredia
"CIATEQ, A.C. CENTRO DE TECNOLOGIA AVANZADA",Isaias Méndez
COMISION NACIONAL DE ACUACULTURA Y PESCA,Reina Krauel natera
CENTRO NACIONAL DE PREVENCION DE DESASTRES,Magdalena Yanes
COMISION NACIONAL DE LAS ZONAS ARIDAS,Emilio Rubio
CFE TRANSMISIÓN,Salvador Linares
INSTITUTO NACIONAL DE GERIATRÍA,Eduardo Moreno
"INSTITUTO POTOSINO DE INVESTIGACION CIENTIFICA Y TECNOLOGICA, A.C.",Caridad Bétancourt
CENTRO DE PRODUCCION DE PROGRAMAS INFORMATIVOS Y ESPECIALES,Natalia Medina
BANCO DEL AHORRO NACIONAL Y SERVICIOS FINANCIEROS S N C,Nicolás Sanabria
BANCO DEL AHORRO NACIONAL Y SERVICIOS FINANCIEROS S N C,Paola Leyva
INSTITUTO NACIONAL DE MEDICINA GENOMICA,Jennifer Briseño
INSTITUTO NACIONAL DEL DERECHO DE AUTOR,María Eugenia Aponte
ADMINISTRACION PORTUARIA INTEGRAL DE SALINA CRUZ S.A. DE C.V.,Inés Casas
AGENCIA NACIONAL DE SEGURIDAD INDUSTRIAL Y DE PROTECCIÓN AL MEDIO AMBIENTE DEL SECTOR HIDROCARBUROS,Cristobal Carranza
ADMINISTRACION PORTUARIA INTEGRAL DE VERACRUZ S.A. DE C.V.,Reina Garza
INSTITUTO FEDERAL DE TELECOMUNICACIONES,Reina Atencio
"CIATEC, A.C. CENTRO DE INNOVACION APLICADA EN TECNOLOGIAS COMPETITIVAS",Abril González
ADMINISTRACION PORTUARIA INTEGRAL DE LAZARO CARDENAS S.A. DE C.V.,Manuela Curiel
SERVICIO NACIONAL DE INSPECCION Y CERTIFICACION DE SEMILLAS,Roberto Solorzano
SECRETARIA DE TURISMO,Diana Quintero cruz
CFE SUMINISTRADOR DE SERVICIOS BÁSICOS,Sergio Roybal
CENTRO NACIONAL DE EXCELENCIA TECNOLOGICA EN SALUD,Gilberto Mena
ADMINISTRACION PORTUARIA INTEGRAL DE SALINA CRUZ S.A. DE C.V.,Emilio Cabrera
INSTITUTO DE CAPACITACION Y PROFESIONALIZACION EN PROCURACION DE JUSTICIA FEDERAL,Gonzalo Fierro
INSTITUTO MATIAS ROMERO DE ESTUDIOS DIPLOMATICOS,Rafael Monroy
INSTITUTO DE INVESTIGACIONES ELECTRICAS,Ivan Vélez
COMISION PARA LA REGULARIZACION DE LA TENENCIA DE LA TIERRA,César Calderón
CFE GENERACIÓN III,Eloisa Sosa
INSTITUTO DEL FONDO NACIONAL PARA EL CONSUMO DE LOS TRABAJADORES,Octavio Manzanares
SECRETARIA DE GOBERNACION,Raúl Saucedo
FONDO DE CULTURA ECONOMICA,Ximena Santiago
FIDEICOMISO FONDO NACIONAL DE HABITACIONES POPULARES,Alfredo Vigil
FONDO NACIONAL PARA EL FOMENTO DE LAS ARTESANIAS,Juan Pablo Kaplan
INSTITUTO NACIONAL DE DESARROLLO SOCIAL,María de Jesús Hinojosa
CENTRO NACIONAL DE CONTROL DE GAS NATURAL,Sancho Beltrán
FIDEICOMISO DE FOMENTO MINERO,Santiago Collado
SECRETARIA DE LA DEFENSA NACIONAL,Guillermo Velázquez
CENTROS DE INTEGRACION JUVENIL A.C.,Andrea Collazo
ADMINISTRACION PORTUARIA INTEGRAL DE TOPOLOBAMPO S.A. DE C.V.,Juana Prado
ADMINISTRACION PORTUARIA INTEGRAL DE COATZACOALCOS S.A. DE C.V.,Luis Gabino Brito
FERROCARRILES NACIONALES DE MEXICO,Cristian Gutiérrez
CENTRO NACIONAL PARA LA PREVENCIÓN Y EL CONTROL DE LAS ADICCIONES,Clara Espinoza
CAMINOS Y PUENTES FEDERALES DE INGRESOS Y SERVICIOS CONEXOS,José Luis Jiménez
XE-IPN CANAL 11,Cristobal Kanimal
SERVICIO DE PROTECCIÓN FEDERAL,Esperanza Madrid
"FONDO DE GARANTIA Y FOMENTO PARA LA AGRICULTURA, GANADERIA Y AVICULTURA",Josefina Padilla
FONDO DE GARANTIA Y FOMENTO PARA LAS ACTIVIDADES PESQUERAS,Ángel Daniel Vigil
INSTITUTO NACIONAL DE INVESTIGACIONES NUCLEARES,Camila Nevárez
FIDEICOMISO FONDO NACIONAL DE HABITACIONES POPULARES,María Guadalupe Lucero
PROCURADURIA FEDERAL DE LA DEFENSA DEL TRABAJO,Gerardo Abeyta
INSTITUTO POLITECNICO NACIONAL,Germán Cruz
INSTITUTO MEXICANO DEL TRANSPORTE,Carla Castro
TRIBUNALES UNITARIOS AGRARIOS,Sancho Hinojosa
SOCIEDAD HIPOTECARIA FEDERAL S.N.C.,Claudio Ulloa
CENTRO NACIONAL DE VIGILANCIA EPIDEMIOLOGICA Y CONTRTOL DE ENFERMEDADES,Sonia Cervantes
AEROPUERTO INTERNACIONAL DE LA CIUDAD DE MEXICO S.A. DE C.V.,Eloisa Carranza
CAMINOS Y PUENTES FEDERALES DE INGRESOS Y SERVICIOS CONEXOS,Gael Sepúlveda
CENTRO NACIONAL DE EXCELENCIA TECNOLOGICA EN SALUD,Brayan Villegas
AUTORIDAD FEDERAL PARA EL DESARROLLO DE LAS ZONAS ECONÓMICAS ESPECIALES,Elvira Quevedo
INSTITUTO DEL FONDO NACIONAL PARA EL CONSUMO DE LOS TRABAJADORES,Jimena Montero
COMISION DE OPERACION Y FOMENTO DE ACTIVIDADES ACADEMICAS DEL INSTITUTO POLITECNICO NACIONAL,Esmeralda Villarreal
INSTITUTO DE INVESTIGACIONES ELECTRICAS,Alexis Díaz
CONSEJO NACIONAL DE FOMENTO EDUCATIVO,Luz Matos
FERROCARRIL DEL ISTMO DE TEHUANTEPEC S.A. DE C.V.,Jazmin Barraza
FINANCIERA RURAL,Esperanza Karam
BANCO DEL AHORRO NACIONAL Y SERVICIOS FINANCIEROS S N C,Silvia Valdés
CENTRO NACIONAL PARA LA PREVENCION Y CONTROL DEL VIH/SIDA,Claudio Almanza
CENTRO NACIONAL DE VIGILANCIA EPIDEMIOLOGICA Y CONTRTOL DE ENFERMEDADES,Alfonso Maestas
EDUCAL S.A. DE C.V.,Camila Acosta
INSTITUTO NACIONAL DE CIENCIAS PENALES,Monserrat Anaya
COORDINACION GENERAL DE LA COMISION MEXICANA DE AYUDA A REFUGIADOS,Jacobo Puga
FIDEICOMISO PROMEXICO,Gloria Vallejo
BANCO DEL AHORRO NACIONAL Y SERVICIOS FINANCIEROS S N C,Elías Guardado
SISTEMA NACIONAL PARA EL DESARROLLO INTEGRAL DE LA FAMILIA,Rebeca Segovia
EL COLEGIO DE MICHOACAN A.C.,Juan Pablo Orta
FONDO DE OPERACION Y FINANCIAMIENTO BANCARIO A LA VIVIENDA,Graciela Tirado
INSTITUTO NACIONAL DE INVESTIGACIONES FORESTALES AGRICOLAS Y PECUARIAS,Sergio Kindelan
UNIVERSIDAD AUTONOMA METROPOLITANA,Homero Patiño
CONSEJO NACIONAL PARA LA CULTURA Y LAS ARTES,Ximena Bueno
COMISIÓN NACIONAL DE HIDROCARBUROS,Alexis Brito
ADMINISTRACION PORTUARIA INTEGRAL DE COATZACOALCOS S.A. DE C.V.,Gabriel Villareal
COMISION NACIONAL DE VIVIENDA,Francisco Javier Contreras
INSTITUTO NACIONAL DE LENGUAS INDIGENAS,Mónica Gurule
INSTITUTO DE INVESTIGACIONES ELECTRICAS,María del Carmen Irizarry
FONDO DE INFORMACION Y DOCUMENTACION PARA LA INDUSTRIA,Luis Gabino Roque
SERVICIOS A LA NAVEGACION EN EL ESPACIO AEREO MEXICANO,Ana Salcedo
ADMINISTRACION PORTUARIA INTEGRAL DE LAZARO CARDENAS S.A. DE C.V.,Rosalia Karem
INSTITUTO NACIONAL DE LAS PERSONAS ADULTAS MAYORES,Pablo Kano
INSTITUTO MATIAS ROMERO DE ESTUDIOS DIPLOMATICOS,Manuel Iglesias
COMISION NACIONAL PARA EL DESARROLLO DE LOS PUEBLOS INDIGENAS,Melany Lerma
COLEGIO DE BACHILLERES,Erick Montez
ADMINISTRACION PORTUARIA INTEGRAL DE PROGRESO S.A. DE C.V.,Brandon Aponte
CENTRO DE INVESTIGACION EN MATEMATICAS A.C.,Ángela Carrera
EL COLEGIO DE MICHOACAN A.C.,Paola Aparicio
INSTITUTO NACIONAL DE LAS PERSONAS ADULTAS MAYORES,Anita Miramontes
CENTRO NACIONAL DE PREVENCION DE DESASTRES,Sancho Sáenz
ADMINISTRACION PORTUARIA INTEGRAL DE GUAYMAS S.A. DE C.V.,Rosa María Carrillo
COMITÉ NACIONAL PARA EL DESARROLLO SUSTENTABLE DE LA CAÑA DE AZÚCAR,María José Treviño
COMISION NACIONAL DE SEGURIDAD NUCLEAR Y SALVAGUARDIAS,María José Karam
CENTRO DE INGENIERIA Y DESARROLLO INDUSTRIAL,Yamileth Zelaya
COMISION FEDERAL DE TELECOMUNICACIONES,Dulce María Gallardo
P.M.I. COMERCIO INTERNACIONAL S.A. DE C.V.,Josefina Ballesteros
SECRETARIA DE MEDIO AMBIENTE Y RECURSOS NATURALES,Isabel Rivas
CENTRO DE EVALUACION Y DESARROLLO HUMANO,Jennifer Tejada
CENTRO DE INVESTIGACION Y ASISTENCIA EN TECNOLOGIA Y DISEÑO DEL ESTADO DE JALISCO A.C.,Mayte Vaca
PRODUCTORA NACIONAL DE BIOLOGICOS VETERINARIOS,Cristina Xenia
BANCO NACIONAL DEL EJERCITO FUERZA AEREA Y ARMADA S.N.C.,María Luisa Quintana
FONDO DE CULTURA ECONOMICA,Guillermo Kortajarena
"FONATUR PRESTADORA DE SERVICIOS, S.A. DE C.V.",Ana Ulloa
COMISION NACIONAL DE CULTURA FISICA Y DEPORTE,Elvira Nieves
P.M.I. COMERCIO INTERNACIONAL S.A. DE C.V.,Inés Miranda
PREVENCION Y READAPTACION SOCIAL,Abigail Palomino
COMISION NACIONAL DE LAS ZONAS ARIDAS,Julio César Gómez
HOSPITAL INFANTIL DE MEXICO FEDERICO GOMEZ,María Luisa Orta
HOSPITAL REGIONAL DE ALTA ESPECIALIDAD DE CIUDAD VICTORIA BICENTENARIO 2010,Óscar Zaragoza
COMISIÓN NACIONAL DE HIDROCARBUROS,Kimberly Ayala
CENTRO DE CAPACITACION CINEMATOGRAFICA A.C.,Daniel Matías
ADMINISTRACION PORTUARIA INTEGRAL DE MANZANILLO S.A. DE C.V.,Fernando Javier Miramontes
INSTITUTO NACIONAL DE CIENCIAS MEDICAS Y NUTRICION SALVADOR ZUBIRAN (INV),Gregorio Cintrón
COORDINACION GENERAL DE LA COMISION MEXICANA DE AYUDA A REFUGIADOS,Eva Arteaga
PEMEX-REFINACION,Juan Manuel Villanueva
FIDEICOMISO PARA LA CINETECA NACIONAL,Irene Niño
SERVICIOS AEROPORTUARIOS DE LA CIUDAD DE MEXICO S.A. DE C.V.,Dorotea Osorio
INSTITUTO NACIONAL DE GERIATRÍA,Juan Alcaraz
SECRETARIA DE GOBERNACION,Lorena Véliz
COMISION NACIONAL DEL AGUA,Juan Manuel Marroquín
COMISION NACIONAL DE LAS ZONAS ARIDAS,María José Roque
ADMINISTRACION PORTUARIA INTEGRAL DE TAMPICO S.A. DE C.V.,Pilar Pérez
AUTORIDAD FEDERAL PARA EL DESARROLLO DE LAS ZONAS ECONÓMICAS ESPECIALES,Israel Almaraz
Instituto Federal de Telecomunicaciones,Tamara Peña
Secretaría de la Función Pública,Giovanni Valdéz
Secretaría de Hacienda y Crédito Público,Yazdel García
Secretaría de la Función Pública,Yazdel Rodriguez
Instituto Federal de Telecomunicaciones,Giovanni Villarreal
Secretaría de la Función Pública,Gaia Juarez
Secretaría de la Función Pública,Andrea Morales
Instituto Federal de Telecomunicaciones,Andrea Rivera
Secretaría de Hacienda y Crédito Público,Tamara Flores
Secretaría de Hacienda y Crédito Público,Gaia Villarreal
Instituto Federal de Telecomunicaciones,Hernán Morales
Secretaría de la Función Pública,Andrea García
Secretaría de Hacienda y Crédito Público,Alberto Villarreal
Secretaría de la Función Pública,Giovanni Gallegos
Secretaría de Hacienda y Crédito Público,Yazdel Villarreal
Secretaría de la Función Pública,FLORENTINA Villarreal
Instituto Federal de Telecomunicaciones,Giovanni Rodriguez
Secretaría de Hacienda y Crédito Público,Alejandra García
Secretaría de la Función Pública,GUADALUPE Morales
Secretaría de la Función Pública,Gaia CABRERA
Instituto Federal de Telecomunicaciones,Alejandra Rivera
Secretaría de Hacienda y Crédito Público,Andrea García
Secretaría de la Función Pública,Hernán Cuevas
Secretaría de la Función Pública,Giovanni Villarreal
Instituto Federal de Telecomunicaciones,Gaia Cuevas
Secretaría de Hacienda y Crédito Público,Giovanni Villarreal
Secretaría de la Función Pública,Andrea Cuevas
Secretaría de la Función Pública,Hernán Valdéz
Instituto Federal de Telecomunicaciones,Hernán Rodriguez
Secretaría de Hacienda y Crédito Público,Homero Flores
Secretaría de Hacienda y Crédito Público,Gaia Rivera
Instituto Federal de Telecomunicaciones,Hernán Martínez
Secretaría de la Función Pública,Yazdel Centeno
Secretaría de la Función Pública,Alberto Flores
Instituto Federal de Telecomunicaciones,Alejandra Gallegos
Instituto Federal de Telecomunicaciones,Alberto Villarreal
Secretaría de Hacienda y Crédito Público,Gaia García
Secretaría de la Función Pública,Gaia Flores
Secretaría de la Función Pública,Alejandra Gallegos
Instituto Federal de Telecomunicaciones,Yazdel cano
Secretaría de la Función Pública,Giovanni Rivera
Secretaría de la Función Pública,Alberto Juarez
Secretaría de Hacienda y Crédito Público,Giovanni Rivera
Secretaría de Hacienda y Crédito Público,Gaia Morales
Instituto Federal de Telecomunicaciones,Giovanni Flores
Instituto Federal de Telecomunicaciones,Andrea Villarreal
Instituto Federal de Telecomunicaciones,Giovanni Juarez
Secretaría de Hacienda y Crédito Público,Andrea Juarez
Secretaría de Hacienda y Crédito Público,abelardo Valdéz
Secretaría de la Función Pública,ana Villarreal
Secretaría de Hacienda y Crédito Público,Hernán Valdéz
Secretaría de Hacienda y Crédito Público,Andrea Gallegos
Secretaría de Hacienda y Crédito Público,Hernán García
Secretaría de la Función Pública,Andrea Cuevas
Secretaría de la Función Pública,Hernán Rivera
Secretaría de la Función Pública,Gaia Rodriguez
Secretaría de la Función Pública,Gaia Morales
Secretaría de Hacienda y Crédito Público,Homero Gallegos
Secretaría de Hacienda y Crédito Público,Gaia Morales
Secretaría de Hacienda y Crédito Público,Yazdel Flores
Instituto Federal de Telecomunicaciones,Giovanni García
Secretaría de Hacienda y Crédito Público,Hernán Rodriguez
Secretaría de la Función Pública,Yazdel Martínez
Secretaría de Hacienda y Crédito Público,Homero Rivera
Secretaría de la Función Pública,Giovanni Gallegos
Secretaría de la Función Pública,Alberto Cuevas
Secretaría de Hacienda y Crédito Público,Alejandra Martínez
Instituto Federal de Telecomunicaciones,Alejandra Rodriguez
Instituto Federal de Telecomunicaciones,Homero Rivera
Instituto Federal de Telecomunicaciones,Andrea Villarreal
Secretaría de Hacienda y Crédito Público,Gaia Valdéz
Secretaría de la Función Pública,Alberto Martínez
Instituto Federal de Telecomunicaciones,Andrea Cuevas
Instituto Federal de Telecomunicaciones,Yazdel Rodriguez
Secretaría de Hacienda y Crédito Público,Alberto Valdéz
Secretaría de la Función Pública,Andrea Villarreal
Secretaría de Hacienda y Crédito Público,Hernán García
Secretaría de la Función Pública,Gaia Martínez
Secretaría de la Función Pública,Yazdel Morales
Secretaría de la Función Pública,Alberto Rivera
Secretaría de la Función Pública,Alejandra Villarreal
Secretaría de la Función Pública,Alberto Morales
Secretaría de la Función Pública,Yazdel Villarreal
Secretaría de la Función Pública,Yazdel Flores
Secretaría de la Función Pública,Tamara García
Instituto Federal de Telecomunicaciones,Gaia Cuevas
Fondo de la Vivienda del Instituto de Seguridad y Servicios Sociales de los Trabajadores del Estado ,Emiliano Juárez
Secretaría de la Función Pública,Tamara Rodriguez
Secretaría de la Función Pública,Alberto Martínez
Instituto Federal de Telecomunicaciones,Alejandra Villarreal
Instituto Federal de Telecomunicaciones,Alberto Martínez
Secretaría de Hacienda y Crédito Público,Homero Rodriguez
Secretaría de la Función Pública,Homero Valdéz
Instituto Federal de Telecomunicaciones,Alejandra Morales
Secretaría de la Función Pública,Alejandra Gallegos
Secretaría de Hacienda y Crédito Público,Giovanni Flores
Instituto Federal de Telecomunicaciones,Yazdel Valdéz
Secretaría de la Función Pública,Andrea Rivera
Instituto Federal de Telecomunicaciones,Alberto Martínez
Instituto Federal de Telecomunicaciones,Alejandra Rivera
Secretaría de la Función Pública,Homero Rodriguez
Secretaría de la Función Pública,Alberto Cuevas
Secretaría de Hacienda y Crédito Público,Tamara Cuevas
Secretaría de la Función Pública,Alejandra Cuevas
Secretaría de Hacienda y Crédito Público,Alberto Morales
Secretaría de la Función Pública,Yazdel Morales
Secretaría de la Función Pública,Giovanni Rodriguez
Secretaría de Hacienda y Crédito Público,Giovanni Valdéz
Secretaría de Hacienda y Crédito Público,Alberto Rivera
Secretaría de la Función Pública,Alberto Rodriguez
Instituto Federal de Telecomunicaciones,Gaia Rodriguez
Secretaría de la Función Pública,Tamara Martínez
Instituto Federal de Telecomunicaciones,Giovanni Flores
Secretaría de la Función Pública,Alejandra Rivera
Secretaría de Hacienda y Crédito Público,Hernán García
Instituto Federal de Telecomunicaciones,Hernán Juarez
Secretaría de Hacienda y Crédito Público,Yazdel Morales
Secretaría de Hacienda y Crédito Público,Hernán Martínez
Secretaría de Hacienda y Crédito Público,Yazdel Morales
Secretaría de la Función Pública,Andrea Flores
Secretaría de Hacienda y Crédito Público,Yazdel Martínez
Secretaría de Hacienda y Crédito Público,Tamara Morales
Secretaría de Hacienda y Crédito Público,Gaia Cuevas
Instituto Federal de Telecomunicaciones,Alejandra García
Instituto Federal de Telecomunicaciones,Gaia Gallegos
Instituto Federal de Telecomunicaciones,Yazdel Juarez
Secretaría de la Función Pública,Alejandra Valdéz
Secretaría de la Función Pública,Homero Gallegos
Secretaría de Hacienda y Crédito Público,Tamara Villarreal
Instituto Federal de Telecomunicaciones,Tamara Cuevas
Secretaría de Hacienda y Crédito Público,Hernán Gallegos
Secretaría de la Función Pública,Alberto Valdéz
Secretaría de la Función Pública,Andrea Cuevas
Instituto Federal de Telecomunicaciones,Hernán Rodriguez
Secretaría de la Función Pública,Tamara Rivera
Instituto Federal de Telecomunicaciones,Alejandra Gallegos
Secretaría de Hacienda y Crédito Público,Giovanni Juarez
Instituto Federal de Telecomunicaciones,Homero Villarreal
Secretaría de Hacienda y Crédito Público,Andrea Morales
Secretaría de Hacienda y Crédito Público,Tamara Martínez
Secretaría de Hacienda y Crédito Público,Tamara García
Secretaría de la Función Pública,Tamara Juarez
Secretaría de Hacienda y Crédito Público,Homero Rivera
Secretaría de Hacienda y Crédito Público,Giovanni Rivera
Secretaría de Hacienda y Crédito Público,Giovanni Rodriguez
Secretaría de la Función Pública,Alberto García
Instituto Federal de Telecomunicaciones,Alberto Juarez
Secretaría de Hacienda y Crédito Público,Giovanni Gallegos
Secretaría de la Función Pública,Tamara Juarez
Secretaría de la Función Pública,Homero García
Instituto Federal de Telecomunicaciones,Alberto Juarez
Instituto Federal de Telecomunicaciones,Alberto Villarreal
Secretaría de la Función Pública,Andrea Juarez
Secretaría de Hacienda y Crédito Público,Alberto Martínez
Secretaría de la Función Pública,Alejandra Rivera
Secretaría de Hacienda y Crédito Público,Tamara Rodriguez
Instituto Federal de Telecomunicaciones,Alejandra Cuevas
Secretaría de la Función Pública,Hernán Morales
Secretaría de la Función Pública,Andrea Cuevas
Secretaría de Hacienda y Crédito Público,Hernán Martínez
Secretaría de Hacienda y Crédito Público,Yazdel Cuevas
Secretaría de la Función Pública,Alberto Valdéz
Secretaría de Hacienda y Crédito Público,Homero Valdéz
Instituto Federal de Telecomunicaciones,Andrea Flores
Secretaría de Hacienda y Crédito Público,Giovanni Gallegos
Instituto Federal de Telecomunicaciones,Tamara Gallegos
Instituto Federal de Telecomunicaciones,Tamara Valdéz
Secretaría de Hacienda y Crédito Público,Yazdel Cuevas
Secretaría de Hacienda y Crédito Público,Yazdel Villarreal
Secretaría de la Función Pública,Andrea Martínez
Secretaría de la Función Pública,Giovanni Gallegos
Instituto Federal de Telecomunicaciones,Alberto Flores
Secretaría de la Función Pública,Giovanni Martínez
Instituto Federal de Telecomunicaciones,Gaia Juarez
Instituto Federal de Telecomunicaciones,Homero Cuevas
Instituto Federal de Telecomunicaciones,Andrea García
Secretaría de Hacienda y Crédito Público,Tamara Cuevas
Instituto Federal de Telecomunicaciones,Alejandra Rivera
Instituto Federal de Telecomunicaciones,Alejandra Flores
Secretaría de la Función Pública,Tamara Gallegos
Instituto Federal de Telecomunicaciones,Tamara Gallegos
Instituto Federal de Telecomunicaciones,Alejandra Gallegos
Instituto Federal de Telecomunicaciones,Alejandra Rodriguez
Secretaría de Hacienda y Crédito Público,Giovanni Gallegos
Secretaría de Hacienda y Crédito Público,Hernán Morales
Instituto Federal de Telecomunicaciones,Alberto Valdéz
Secretaría de la Función Pública,Homero Juarez
Secretaría de Hacienda y Crédito Público,Alberto Villarreal
Secretaría de Hacienda y Crédito Público,Homero Juarez
Secretaría de la Función Pública,Yazdel Morales
Secretaría de Hacienda y Crédito Público,Tamara Rodriguez
Secretaría de la Función Pública,Homero Rivera
Secretaría de la Función Pública,Hernán Villarreal
Instituto Federal de Telecomunicaciones,Yazdel García
Secretaría de Hacienda y Crédito Público,Andrea Martínez
Instituto Federal de Telecomunicaciones,Yazdel Valdéz
Secretaría de Hacienda y Crédito Público,Homero Gallegos
Secretaría de Hacienda y Crédito Público,Yazdel Rodriguez
Secretaría de Hacienda y Crédito Público,Gaia Flores
Secretaría de Hacienda y Crédito Público,Hernán Flores
Secretaría de la Función Pública,Gaia García
Secretaría de la Función Pública,Homero Gallegos
Secretaría de Hacienda y Crédito Público,Alberto Valdéz
Instituto Federal de Telecomunicaciones,Andrea Rivera
Secretaría de la Función Pública,Alejandra Juarez
Secretaría de la Función Pública,Giovanni Gallegos
Secretaría de la Función Pública,Yazdel Cuevas
Secretaría de Hacienda y Crédito Público,Giovanni Villarreal
Secretaría de la Función Pública,Alejandra Gallegos
Instituto Federal de Telecomunicaciones,Alberto Morales
Instituto Federal de Telecomunicaciones,Giovanni Flores
Instituto Federal de Telecomunicaciones,Giovanni Flores
Instituto Federal de Telecomunicaciones,Homero Flores
Secretaría de la Función Pública,Andrea Valdéz
Secretaría de Hacienda y Crédito Público,Alberto Flores
Instituto Federal de Telecomunicaciones,Andrea Martínez
Secretaría de la Función Pública,Andrea Cuevas
Secretaría de Hacienda y Crédito Público,Alberto Valdéz
Instituto Federal de Telecomunicaciones,Alberto García
Secretaría de la Función Pública,Alejandra Gallegos
Secretaría de la Función Pública,Alberto Juarez
Instituto Federal de Telecomunicaciones,Gaia Rodriguez
Instituto Federal de Telecomunicaciones,Yazdel Valdéz
Secretaría de la Función Pública,Alejandra Rivera
Instituto Federal de Telecomunicaciones,Yazdel Gallegos
Secretaría de Hacienda y Crédito Público,Alejandra Villarreal
Secretaría de la Función Pública,Hernán Martínez
Secretaría de la Función Pública,Tamara Martínez
Instituto Federal de Telecomunicaciones,Alejandra Juarez
Secretaría de Hacienda y Crédito Público,Giovanni Juarez
Secretaría de la Función Pública,Hernán Gallegos
Secretaría de la Función Pública,Hernán Morales
Secretaría de Hacienda y Crédito Público,Gaia Rodriguez
Secretaría de Hacienda y Crédito Público,Tamara Morales
Secretaría de la Función Pública,Homero Cuevas
Secretaría de la Función Pública,Yazdel Villarreal
Secretaría de la Función Pública,Alejandra Villarreal
Secretaría de la Función Pública,Hernán Morales
Secretaría de Hacienda y Crédito Público,Yazdel Villarreal
Secretaría de Hacienda y Crédito Público,Homero Villarreal
Secretaría de la Función Pública,Giovanni Rivera
Secretaría de la Función Pública,Alejandra Martínez
Instituto Federal de Telecomunicaciones,Yazdel García
Instituto Federal de Telecomunicaciones,Andrea Martínez
Instituto Federal de Telecomunicaciones,Giovanni García
Secretaría de la Función Pública,Giovanni García
Instituto Federal de Telecomunicaciones,Yazdel Villarreal
Secretaría de Hacienda y Crédito Público,Alberto Morales
Secretaría de la Función Pública,Alejandra Rivera
Instituto Federal de Telecomunicaciones,Hernán Flores
Secretaría de Hacienda y Crédito Público,Alberto Cuevas
Instituto Federal de Telecomunicaciones,Giovanni Rodriguez
Secretaría de Hacienda y Crédito Público,Yazdel Cuevas
Secretaría de Hacienda y Crédito Público,Tamara Rodriguez
Instituto Federal de Telecomunicaciones,Giovanni Valdéz
Secretaría de la Función Pública,Alberto Gallegos
Secretaría de Hacienda y Crédito Público,Hernán Juarez
Secretaría de Hacienda y Crédito Público,Homero Flores
Instituto Federal de Telecomunicaciones,Tamara Villarreal
Secretaría de la Función Pública,Andrea Cuevas
Instituto Federal de Telecomunicaciones,Hernán Juarez
Secretaría de la Función Pública,Homero Rodriguez
Secretaría de Hacienda y Crédito Público,Yazdel Flores
Secretaría de Hacienda y Crédito Público,Yazdel García
Instituto Federal de Telecomunicaciones,Hernán Juarez
Secretaría de Hacienda y Crédito Público,Giovanni Rodriguez
Secretaría de la Función Pública,Hernán Valdéz
Secretaría de Hacienda y Crédito Público,Tamara Juarez
Instituto Federal de Telecomunicaciones,Alejandra Rodriguez
Secretaría de Hacienda y Crédito Público,Alberto Cuevas
Secretaría de Hacienda y Crédito Público,Gaia Valdéz
Secretaría de Hacienda y Crédito Público,Hernán Villarreal
Instituto Federal de Telecomunicaciones,Alejandra Rodriguez
Secretaría de la Función Pública,Tamara Cuevas
Secretaría de la Función Pública,Yazdel Flores
Instituto Federal de Telecomunicaciones,Gaia Cuevas
Instituto Federal de Telecomunicaciones,Yazdel Gallegos
Secretaría de Hacienda y Crédito Público,Giovanni Villarreal
Secretaría de Hacienda y Crédito Público,Giovanni Rodriguez
Instituto Federal de Telecomunicaciones,Gaia Valdéz
Secretaría de Hacienda y Crédito Público,Alejandra Valdéz
Instituto Federal de Telecomunicaciones,Andrea Morales
Instituto Federal de Telecomunicaciones,Gaia Rivera
Secretaría de la Función Pública,Alberto Juarez
Secretaría de Hacienda y Crédito Público,Yazdel Morales
Secretaría de Hacienda y Crédito Público,Andrea Martínez
Secretaría de Hacienda y Crédito Público,Homero Valdéz
Instituto Federal de Telecomunicaciones,Hernán Valdéz
Secretaría de Hacienda y Crédito Público,Homero Morales
Secretaría de la Función Pública,Homero Flores
Secretaría de la Función Pública,Yazdel Juarez
Secretaría de la Función Pública,Hernán Villarreal
Instituto Federal de Telecomunicaciones,Yazdel Juarez
Secretaría de la Función Pública,Gaia García
Secretaría de la Función Pública,Giovanni Morales
Instituto Federal de Telecomunicaciones,Gaia Villarreal
Secretaría de Hacienda y Crédito Público,Yazdel Villarreal
Instituto Federal de Telecomunicaciones,Tamara Morales
Secretaría de la Función Pública,Hernán Villarreal
Instituto Federal de Telecomunicaciones,Gaia Villarreal
Instituto Federal de Telecomunicaciones,Alberto Juarez
Secretaría de Hacienda y Crédito Público,Yazdel Rivera
Secretaría de Hacienda y Crédito Público,Homero Valdéz
Secretaría de Hacienda y Crédito Público,Hernán Flores
Secretaría de Hacienda y Crédito Público,Gaia Juarez
Secretaría de Hacienda y Crédito Público,Alejandra Martínez
Instituto Federal de Telecomunicaciones,Tamara Gallegos
Secretaría de Hacienda y Crédito Público,Yazdel Rivera
Instituto Federal de Telecomunicaciones,Alejandra García
Instituto Federal de Telecomunicaciones,Andrea Rivera
Secretaría de la Función Pública,Alberto Villarreal
Secretaría de Hacienda y Crédito Público,Hernán Flores
Instituto Federal de Telecomunicaciones,Giovanni Rivera
Secretaría de Hacienda y Crédito Público,Gaia Juarez
Secretaría de Hacienda y Crédito Público,Andrea Juarez
Instituto Federal de Telecomunicaciones,Hernán Valdéz
Secretaría de Hacienda y Crédito Público,Hernán García
Instituto Federal de Telecomunicaciones,Tamara Valdéz
Instituto Federal de Telecomunicaciones,Gaia Morales
Secretaría de Hacienda y Crédito Público,Alberto Morales
Instituto Federal de Telecomunicaciones,Yazdel Rivera
Instituto Federal de Telecomunicaciones,Giovanni Rivera
Secretaría de la Función Pública,Andrea Morales
Secretaría de la Función Pública,Giovanni Martínez
Secretaría de la Función Pública,Giovanni Valdéz
Secretaría de la Función Pública,Tamara Rivera
Instituto Federal de Telecomunicaciones,Andrea Martínez
Secretaría de Hacienda y Crédito Público,Tamara García
Secretaría de Hacienda y Crédito Público,Alberto Valdéz
Secretaría de Hacienda y Crédito Público,Alberto Villarreal
Secretaría de Hacienda y Crédito Público,Andrea Rodriguez
Secretaría de la Función Pública,Homero Rivera
Secretaría de Hacienda y Crédito Público,Gaia Juarez
Secretaría de la Función Pública,Gaia Juarez
Secretaría de la Función Pública,Giovanni Rodriguez
Instituto Federal de Telecomunicaciones,Tamara Valdéz
Secretaría de Hacienda y Crédito Público,Tamara Rodriguez
Secretaría de la Función Pública,Homero García
Secretaría de Hacienda y Crédito Público,Andrea Juarez
Secretaría de Hacienda y Crédito Público,Hernán Morales
Secretaría de la Función Pública,Yazdel Flores
Instituto Federal de Telecomunicaciones,Gaia Rivera
Secretaría de Hacienda y Crédito Público,Alejandra Valdéz
Secretaría de Hacienda y Crédito Público,Tamara Martínez
Secretaría de Hacienda y Crédito Público,Yazdel García
Secretaría de la Función Pública,Hernán Morales
Instituto Federal de Telecomunicaciones,Alberto Rodriguez
Secretaría de la Función Pública,Tamara Rivera
Secretaría de la Función Pública,Alberto Cuevas
Instituto Federal de Telecomunicaciones,Alberto Villarreal
Secretaría de Hacienda y Crédito Público,Andrea Morales
