Id,label,multa,género
Daniela Puga,Daniela Puga,13185,M
Jose Daniel Villarreal,Jose Daniel Villarreal,9074,M
Ricardo Gastélum,Ricardo Gastélum,0,M
Ricardo Gastélum,Ricardo Gastélum,21956,M
Ramón Ramos,Ramón Ramos,0,M
César Holguín,César Holguín,0,H
Sofia Chacón,Sofia Chacón,0,H
María Soledad Zamarreno,María Soledad Zamarreno,0,H
Anita Alanis,Anita Alanis,8072,H
Elías Flórez,Elías Flórez,21690,H
José Luis Delvalle,José Luis Delvalle,6818,H
Raquel Arroyo,Raquel Arroyo,0,M
Manuela Rivas,Manuela Rivas,0,M
Kevin Xenia,Kevin Xenia,17006,H
Isabel Carrasco,Isabel Carrasco,0,M
Manuel Navarro,Manuel Navarro,28442,M
Reina Calderón,Reina Calderón,0,H
Ramón Ramos,Ramón Ramos,9650,M
Raquel Ceja,Raquel Ceja,0,M
Jorge Carrion,Jorge Carrion,22384,H
Octavio Colunga,Octavio Colunga,0,H
Jimena Marrero,Jimena Marrero,24735,H
Ramón Ramos,Ramón Ramos,9919,M
Gloria Reyna,Gloria Reyna,0,M
Manuel Blanco,Manuel Blanco,0,M
Axel Saucedo,Axel Saucedo,0,M
Marilu Samaniego,Marilu Samaniego,0,M
Josefina Cedillo,Josefina Cedillo,0,M
Sonia Karem,Sonia Karem,0,H
Diego Sepúlveda,Diego Sepúlveda,21725,M
Alberto Korta,Alberto Korta,0,H
Xochitl Cuellar,Xochitl Cuellar,22332,M
Ángela Valencia,Ángela Valencia,0,H
Raquel Ceja,Raquel Ceja,0,M
Marilu Samaniego,Marilu Samaniego,26140,M
Manuel Cerda,Manuel Cerda,27832,M
Nicolás Sanches,Nicolás Sanches,0,H
Alfonso Tafoya,Alfonso Tafoya,24195,M
Kevin Xenia,Kevin Xenia,0,H
Fernando Javier Rosales,Fernando Javier Rosales,0,M
Emmanuel Guerrero,Emmanuel Guerrero,0,H
Ana Victoria Collazo,Ana Victoria Collazo,0,M
Daniela Puga,Daniela Puga,13393,M
Diego Sepúlveda,Diego Sepúlveda,26171,M
Ximena Aparicio,Ximena Aparicio,24126,M
Daniela Ojeda,Daniela Ojeda,21163,M
Josefina Cedillo,Josefina Cedillo,0,M
Emiliano Karen,Emiliano Karen,21897,H
Manuela Leiva,Manuela Leiva,22549,M
Adán Menchaca,Adán Menchaca,0,H
Rebeca Bahena,Rebeca Bahena,0,H
Elisa Kuzmina,Elisa Kuzmina,0,M
Gilberto Nevárez,Gilberto Nevárez,0,M
Ana Luisa Alicea,Ana Luisa Alicea,0,H
María Cristina Alicea,María Cristina Alicea,0,H
Ángel Gabriel Lara,Ángel Gabriel Lara,19028,H
Lorena Tijerina,Lorena Tijerina,12611,M
Alberto Korta,Alberto Korta,19468,H
Lorena Tijerina,Lorena Tijerina,0,M
Mateo Barrientos,Mateo Barrientos,0,M
Mariano Niño,Mariano Niño,19543,H
Elisa Alicea,Elisa Alicea,0,M
Florencia Xiana,Florencia Xiana,0,M
Jorge Luis Esparza,Jorge Luis Esparza,0,M
María Fernanda Flórez,María Fernanda Flórez,12132,M
Manuela Leiva,Manuela Leiva,27798,M
Monserrat Lomeli,Monserrat Lomeli,0,M
Sonia Karem,Sonia Karem,0,H
Manuel Navarro,Manuel Navarro,0,M
Raquel Ceja,Raquel Ceja,0,M
Araceli Tamayo,Araceli Tamayo,13591,M
Reina Calderón,Reina Calderón,0,H
Jorge Luis Melgar,Jorge Luis Melgar,21917,M
Luz Armijo,Luz Armijo,23064,H
Verónica Tafoya,Verónica Tafoya,0,M
Clemente Rosario,Clemente Rosario,25245,F
José Eduardo Aguilera,José Eduardo Aguilera,21213,F
Maximiliano Almaraz,Maximiliano Almaraz,18049,F
Patricio Urbina,Patricio Urbina,0,F
Antonia Sevilla,Antonia Sevilla,28535,F
Lilia Laboy,Lilia Laboy,0,F
Carlota de Anda,Carlota de Anda,22189,M
Abraham Sotelo,Abraham Sotelo,0,F
Vicente Roque,Vicente Roque,0,F
Diana Ruelas,Diana Ruelas,0,F
Matías Salcedo,Matías Salcedo,0,M
Francisco Javier Orellana,Francisco Javier Orellana,0,M
Cristian Perales,Cristian Perales,0,M
Ramiro Estévez,Ramiro Estévez,10159,F
Elsa Garibay,Elsa Garibay,0,F
Martín Zamarripa,Martín Zamarripa,0,F
Andrés Fernández,Andrés Fernández,0,M
Ignacio Cantú,Ignacio Cantú,23903,F
Carmen Muñiz,Carmen Muñiz,0,F
Diego Rendón,Diego Rendón,0,M
Elías Menchaca,Elías Menchaca,0,F
Luz Mata,Luz Mata,0,M
Norma Zamarreno,Norma Zamarreno,8653,F
Araceli Granado,Araceli Granado,0,F
Patricia Molina,Patricia Molina,0,F
Emiliano Cabrera,Emiliano Cabrera,19682,M
Reina Salinas,Reina Salinas,0,M
Emmanuel Paz,Emmanuel Paz,0,M
Lilia Hurtado,Lilia Hurtado,0,F
Patricio Ponce,Patricio Ponce,14344,M
Melany Rocha,Melany Rocha,16127,F
Ángela Vanegas,Ángela Vanegas,9949,M
Aarón Orellana,Aarón Orellana,18566,M
Regina Ramón,Regina Ramón,0,M
Homero Rael,Homero Rael,0,M
Victoria Cordero,Victoria Cordero,14224,F
Julio César Griego,Julio César Griego,0,F
Raúl Castillo,Raúl Castillo,27829,M
Claudio Tapia,Claudio Tapia,12786,M
Rosa María Reséndez,Rosa María Reséndez,0,F
Florencia Cantú,Florencia Cantú,21886,F
Ximena Manzanares,Ximena Manzanares,26793,F
Sofia Quiroz,Sofia Quiroz,0,F
Mayte Báez,Mayte Báez,8294,F
Guillermo Orozco,Guillermo Orozco,6085,M
Cecilia Frías,Cecilia Frías,16977,F
Leonardo Yunta,Leonardo Yunta,0,M
Manuela Escamilla,Manuela Escamilla,29005,M
Maximiliano Palomino,Maximiliano Palomino,0,F
Juan Galván,Juan Galván,0,F
Mariano Amador,Mariano Amador,0,F
Lucas Jáquez,Lucas Jáquez,0,M
Mauricio Canales,Mauricio Canales,27475,F
Conchita Sevilla,Conchita Sevilla,0,F
Beatriz Tirado,Beatriz Tirado,9403,F
Emilio Baeza,Emilio Baeza,0,M
Israel Rodrígez,Israel Rodrígez,12073,M
Martín Saavedra,Martín Saavedra,8791,M
Alondra Romina Bustos,Alondra Romina Bustos,0,M
Lorenzo Barrera,Lorenzo Barrera,0,M
Juan Manuel Fajardo,Juan Manuel Fajardo,0,M
Mariano Bahena,Mariano Bahena,0,F
Josefina Velasco,Josefina Velasco,0,F
Alejandro Segovia,Alejandro Segovia,0,F
María del Carmen Deleón,María del Carmen Deleón,10495,M
Melany Leal,Melany Leal,25007,M
Aarón Sepúlveda,Aarón Sepúlveda,8186,F
Juan Carlos Menchaca,Juan Carlos Menchaca,0,F
Juan Manuel Verdugo,Juan Manuel Verdugo,0,M
Gloria Peres,Gloria Peres,0,M
Leonor Carrera,Leonor Carrera,12038,F
Octavio Parra,Octavio Parra,0,M
Miguel Ángel Saldivar,Miguel Ángel Saldivar,0,M
Brayan Uribe,Brayan Uribe,0,M
Octavio Kindelan,Octavio Kindelan,0,F
Alejandra Alonzo,Alejandra Alonzo,0,F
Ramiro Arredondo,Ramiro Arredondo,0,F
Naomi Mata,Naomi Mata,0,F
José Miguel Oquendo,José Miguel Oquendo,15049,M
Roberto Espinoza,Roberto Espinoza,0,F
Yolanda Alemán,Yolanda Alemán,15096,M
Ángel Daniel Prieto,Ángel Daniel Prieto,0,M
Marisol Sotelo,Marisol Sotelo,0,F
Erick Zúñiga,Erick Zúñiga,18202,M
Luis Gabino Alicea,Luis Gabino Alicea,0,M
Emiliano Xacon,Emiliano Xacon,0,F
Clara Barrera,Clara Barrera,0,F
Julia Korta hernandez,Julia Korta hernandez,8693,M
Norma Cavazos,Norma Cavazos,0,M
Juan Pablo Arguello,Juan Pablo Arguello,21242,M
Damián Almonte,Damián Almonte,0,F
Cristian Ramírez,Cristian Ramírez,22203,F
Francisco Cerda,Francisco Cerda,0,F
Graciela Pulido,Graciela Pulido,21465,F
Nicolás Cortez,Nicolás Cortez,8521,F
Laura Ortiz,Laura Ortiz,8395,F
Jorge Xiana,Jorge Xiana,0,M
Beatriz Roque,Beatriz Roque,0,M
Leticia Irizarry,Leticia Irizarry,25976,F
Melany García,Melany García,0,M
Ramona Alicea,Ramona Alicea,0,M
Miranda Ulibarri,Miranda Ulibarri,22179,F
Ana Luisa Cantú,Ana Luisa Cantú,10975,M
Silvia Lovato,Silvia Lovato,0,F
Ana María Cruz,Ana María Cruz,24904,F
Gabriel Calvillo,Gabriel Calvillo,0,M
Leticia Yunta,Leticia Yunta,0,M
María Elena Zambrana,María Elena Zambrana,11768,F
Benito Alcántar,Benito Alcántar,0,F
Antonio Manzanares,Antonio Manzanares,28493,F
Gabriela Salinas,Gabriela Salinas,0,F
Rosario Campos,Rosario Campos,0,M
José Eduardo Parra,José Eduardo Parra,21402,M
Graciela Godoy,Graciela Godoy,23765,F
Abraham Armendáriz,Abraham Armendáriz,0,M
Jose Daniel Sosa,Jose Daniel Sosa,8522,M
Emilia Terán,Emilia Terán,8291,F
María Banda,María Banda,0,F
Emmanuel Rosado,Emmanuel Rosado,0,M
Evelyn Casárez,Evelyn Casárez,15336,M
Joaquín Uribe,Joaquín Uribe,17099,M
Marisol Yago,Marisol Yago,24871,M
Francisco Crespo,Francisco Crespo,0,F
Gerardo Bañuelos,Gerardo Bañuelos,27197,F
Natalia Beltrán,Natalia Beltrán,0,F
Ernesto Bermúdez,Ernesto Bermúdez,18933,M
Estefanía Yáñez,Estefanía Yáñez,12361,F
Ivan Calvillo,Ivan Calvillo,9066,F
Conchita Henríquez,Conchita Henríquez,0,M
Francisco Zamudio,Francisco Zamudio,0,F
Ana María Nájera,Ana María Nájera,0,M
Cristobal Heredia,Cristobal Heredia,0,F
Esmeralda de Anda,Esmeralda de Anda,13136,M
Juan Manuel Guevara,Juan Manuel Guevara,0,F
Alondra Romina Kanea,Alondra Romina Kanea,0,M
Salvador Vera,Salvador Vera,9938,F
Octavio Limón,Octavio Limón,17919,M
Blanca Muro,Blanca Muro,0,F
Débora Arteaga,Débora Arteaga,22631,F
María Cabrera,María Cabrera,0,M
Virginia Esquivel,Virginia Esquivel,5769,F
Antonia Collazo,Antonia Collazo,0,F
Rosa María Robles,Rosa María Robles,0,M
Isabel Krasnova,Isabel Krasnova,6458,F
Mayte Domínquez,Mayte Domínquez,0,M
Marilu Villagómez,Marilu Villagómez,0,M
Tomás Aparicio,Tomás Aparicio,0,F
Concepción Roldán,Concepción Roldán,0,M
Pablo Benavides,Pablo Benavides,0,M
Ana Sofía Núñez,Ana Sofía Núñez,16776,M
Ximena Posada,Ximena Posada,0,M
Abril Zamarreno,Abril Zamarreno,26032,F
Julio Toro,Julio Toro,27817,F
Melany Valentín,Melany Valentín,0,M
Marta Aguayo,Marta Aguayo,0,M
Timoteo Monroy,Timoteo Monroy,0,M
José Miguel Lozano,José Miguel Lozano,21667,F
Verónica Fuentes,Verónica Fuentes,0,F
Alan Valadez,Alan Valadez,0,M
Lucia Otero,Lucia Otero,25666,M
Jesús Rodrígez,Jesús Rodrígez,0,M
Regina Gómez,Regina Gómez,20814,F
Óscar Aguayo,Óscar Aguayo,0,F
Rosa Zelaya,Rosa Zelaya,0,M
Melissa Rincón,Melissa Rincón,0,M
Ana Orosco,Ana Orosco,0,F
Ángel Daniel Fajardo,Ángel Daniel Fajardo,19838,M
Marisol Valle,Marisol Valle,18519,F
Ángela Garay,Ángela Garay,0,F
Matías Figueroa,Matías Figueroa,21415,M
Marcela Negrón,Marcela Negrón,21630,F
José María Orosco,José María Orosco,0,M
Emilio Valdés,Emilio Valdés,0,M
Mauricio Gracia,Mauricio Gracia,26288,M
Ivan Yami,Ivan Yami,0,F
María Valladares,María Valladares,16311,F
Marilu Rascón,Marilu Rascón,0,F
Julio César Hinojosa,Julio César Hinojosa,29400,F
Yamileth Kindelan,Yamileth Kindelan,9602,F
Matías Bustamante,Matías Bustamante,0,M
María Luisa Montemayor,María Luisa Montemayor,0,F
Cristian Zamarripa,Cristian Zamarripa,0,F
José Miguel Guajardo,José Miguel Guajardo,0,M
Damián Rosas,Damián Rosas,18400,F
Barbara Serrano,Barbara Serrano,0,M
Ana Luisa Villegas,Ana Luisa Villegas,0,F
Gabriel Murillo,Gabriel Murillo,16080,M
Evelyn Polanco,Evelyn Polanco,0,F
Guillermo Correa,Guillermo Correa,20904,F
Víctor Alanis,Víctor Alanis,15576,M
Ernesto Porras,Ernesto Porras,0,M
Óscar Solorio,Óscar Solorio,12462,M
Isabela Arroyo,Isabela Arroyo,0,M
Lizbeth Carrero,Lizbeth Carrero,0,F
Yamileth Collado,Yamileth Collado,23011,F
Juan Rosario,Juan Rosario,0,M
María José Barrios,María José Barrios,17715,M
Ramona Garrido,Ramona Garrido,7476,M
Ana María Vera,Ana María Vera,10186,F
Kimberly Peña,Kimberly Peña,0,M
Israel Salas,Israel Salas,0,M
Teresa Lomeli,Teresa Lomeli,27392,M
Débora Cano,Débora Cano,23076,F
Graciela Pulido,Graciela Pulido,11943,M
Axel Rubio,Axel Rubio,0,M
Ximena Guadalupe Madrid,Ximena Guadalupe Madrid,0,M
Víctor Huerta,Víctor Huerta,0,M
Martín Caldera,Martín Caldera,0,F
Kimberly Bueno,Kimberly Bueno,22717,M
Rosa Navarrete,Rosa Navarrete,15266,F
Esteban Terán,Esteban Terán,0,F
Jazmin Escamilla,Jazmin Escamilla,0,F
Ximena Guadalupe Anguiano,Ximena Guadalupe Anguiano,27742,M
Pablo Razo,Pablo Razo,26235,F
Juan Manuel Jaimes,Juan Manuel Jaimes,0,F
Esmeralda Rincón,Esmeralda Rincón,0,F
Araceli Partida,Araceli Partida,0,M
Kevin Fernández,Kevin Fernández,0,F
Emily Acuña,Emily Acuña,0,F
Elvira Montes,Elvira Montes,0,M
Adán Rodríquez,Adán Rodríquez,0,F
Regina Saldivar,Regina Saldivar,11366,F
Jazmin Armas,Jazmin Armas,0,F
Bernardo Arce,Bernardo Arce,9788,F
Clara Kindelan,Clara Kindelan,0,F
Norma Espino,Norma Espino,0,F
Luis Gabino Orosco,Luis Gabino Orosco,14068,M
Patricia Camacho,Patricia Camacho,18108,F
Emilia Jaime,Emilia Jaime,0,F
Jesús Vásquez,Jesús Vásquez,0,F
Liliana Santiago,Liliana Santiago,0,M
Marta Miranda,Marta Miranda,0,F
Axel Huixtlacatl,Axel Huixtlacatl,0,F
Luis Ángel Jaime,Luis Ángel Jaime,0,F
Tadeo Quinta,Tadeo Quinta,0,F
Guillermina Quintero,Guillermina Quintero,9617,M
Diego Cortez,Diego Cortez,6267,F
Liliana Miramontes,Liliana Miramontes,0,F
Jacobo Casas,Jacobo Casas,12043,M
Luis Fernando Suárez,Luis Fernando Suárez,0,F
Concepción Gastélum,Concepción Gastélum,0,F
Carlota Barrios,Carlota Barrios,0,M
Patricia Jurado,Patricia Jurado,20164,F
Matías Delvalle,Matías Delvalle,0,M
Emilio Bustos,Emilio Bustos,28730,F
Florencia Luevano,Florencia Luevano,22222,F
Federico Candelaria,Federico Candelaria,19980,M
Carmen Montoya,Carmen Montoya,0,F
Antonio Meza,Antonio Meza,0,F
Clara Karam,Clara Karam,20341,F
Maricarmen Ramón,Maricarmen Ramón,0,M
Manuel Serna,Manuel Serna,0,M
Óscar Valenzuela,Óscar Valenzuela,19386,F
Mariana Xicoy,Mariana Xicoy,6911,M
Israel Girón,Israel Girón,0,M
Daniel Padrón,Daniel Padrón,11021,F
Miranda Xicoy,Miranda Xicoy,28270,F
Santiago Terrazas,Santiago Terrazas,0,M
Martín Aragón,Martín Aragón,0,F
Guillermina Tirado,Guillermina Tirado,17511,M
Estela Delarosa,Estela Delarosa,0,M
Mauricio Camacho,Mauricio Camacho,6614,F
Graciela Leal,Graciela Leal,28398,M
Diana Romo,Diana Romo,13151,F
Enrique Mascareñas,Enrique Mascareñas,22462,F
Natalia Deleón,Natalia Deleón,24749,M
Isaias Aguilera,Isaias Aguilera,0,F
José Eduardo Almonte,José Eduardo Almonte,25107,F
Óscar Tamayo,Óscar Tamayo,14686,F
Carlos Sepúlveda,Carlos Sepúlveda,0,M
Victoria Casares,Victoria Casares,0,M
Benjamín Godoy,Benjamín Godoy,17309,M
Kimberly Valentín,Kimberly Valentín,0,M
Ivan Hurtado,Ivan Hurtado,0,F
Ernesto Roldán,Ernesto Roldán,0,M
José Emilio Lomeli,José Emilio Lomeli,0,F
José Emilio Xicoy,José Emilio Xicoy,13090,M
María Elena Girón,María Elena Girón,0,M
Julio César Bustos,Julio César Bustos,0,M
María Soledad Ochoa,María Soledad Ochoa,0,F
María de Jesús Pulido,María de Jesús Pulido,0,M
Gilberto Lara,Gilberto Lara,0,F
Victor Manuel Galván,Victor Manuel Galván,0,M
Emiliano Gil,Emiliano Gil,0,F
Conchita Ramírez,Conchita Ramírez,0,F
Luis Gabino Rosario,Luis Gabino Rosario,0,F
María Fernanda Sanches,María Fernanda Sanches,0,M
Emilia Romero,Emilia Romero,0,F
Julieta Delrío,Julieta Delrío,12329,M
Luis Fernando Piña,Luis Fernando Piña,19009,F
Rosalia Gutiérrez,Rosalia Gutiérrez,0,F
Gilberto Miranda,Gilberto Miranda,29746,F
Jimena Ramírez,Jimena Ramírez,27284,M
Ramón Navarrete,Ramón Navarrete,23060,M
Dorotea Vega,Dorotea Vega,26851,M
Soledad Rivas,Soledad Rivas,26850,F
Amalia Tórrez,Amalia Tórrez,0,F
Hernán Apodaca,Hernán Apodaca,0,M
Esmeralda Alicea,Esmeralda Alicea,18105,F
César Delagarza,César Delagarza,0,M
Natalia Tórrez,Natalia Tórrez,14852,F
Dolores Jáquez,Dolores Jáquez,0,F
Mariana Carrasquillo,Mariana Carrasquillo,0,M
Mateo Carrion,Mateo Carrion,29893,M
Yaretzi Xenia,Yaretzi Xenia,11774,F
Juan Carlos Gil,Juan Carlos Gil,0,M
Esperanza López,Esperanza López,0,F
Marta Irizarry,Marta Irizarry,6582,F
Manuela Pizarro,Manuela Pizarro,0,M
Valentina Sierra,Valentina Sierra,0,F
Abraham Kadar rodriguez,Abraham Kadar rodriguez,25134,M
Verónica Pacheco,Verónica Pacheco,0,M
Rodrigo Caldera,Rodrigo Caldera,0,M
Teodoro Camacho,Teodoro Camacho,0,F
Marcela Acosta,Marcela Acosta,17262,F
Florencia Samaniego,Florencia Samaniego,21301,F
Joaquín Paredes,Joaquín Paredes,0,M
Uriel Vega,Uriel Vega,5618,M
Gustavo Salas,Gustavo Salas,0,M
María de los Ángeles Gaitán,María de los Ángeles Gaitán,10770,M
Yamileth Yanes,Yamileth Yanes,0,M
Ana Casillas,Ana Casillas,0,F
Alfonso Granados,Alfonso Granados,7512,F
Gilberto Carranza,Gilberto Carranza,9560,M
Elizabeth Quezada,Elizabeth Quezada,0,M
Eloisa Ozuna,Eloisa Ozuna,0,M
Fatima Domínguez,Fatima Domínguez,0,F
Jacobo Peralta,Jacobo Peralta,0,F
Rosa María Escobar,Rosa María Escobar,0,F
Alejandra Alcala,Alejandra Alcala,0,M
Naomi Heredia,Naomi Heredia,11561,F
Emilia Galván,Emilia Galván,0,M
Verónica Rael,Verónica Rael,0,F
Octavio Karam,Octavio Karam,0,M
Mónica Arriaga,Mónica Arriaga,0,F
Concepción Nájera,Concepción Nájera,15097,M
Víctor Pedroza,Víctor Pedroza,0,F
Daniela Jaime,Daniela Jaime,0,F
Nicole Echevarría,Nicole Echevarría,0,M
María Elena Riojas,María Elena Riojas,8446,F
Luis Miguel Carrero,Luis Miguel Carrero,0,F
Elizabeth Nevárez,Elizabeth Nevárez,18068,F
Victor Manuel Palacios,Victor Manuel Palacios,0,M
Alondra Romina Karan,Alondra Romina Karan,13332,M
Berta Yami,Berta Yami,0,M
Francisco Tamez,Francisco Tamez,23108,F
Irene Echevarría,Irene Echevarría,0,F
José Aponte,José Aponte,10145,F
Vicente Pérez,Vicente Pérez,0,M
Brandon Ruiz,Brandon Ruiz,23914,M
Emmanuel Castillo,Emmanuel Castillo,0,M
Isabel Gastélum,Isabel Gastélum,0,M
Gonzalo Manzanares,Gonzalo Manzanares,0,F
Juan Pablo Abeyta,Juan Pablo Abeyta,16069,F
Agustín Crespo,Agustín Crespo,22476,M
María de los Ángeles Cruz,María de los Ángeles Cruz,23498,F
Nicolás Ballesteros,Nicolás Ballesteros,12827,M
Beatriz Balderas,Beatriz Balderas,22857,M
Anita Soliz,Anita Soliz,0,F
Mateo Escobar,Mateo Escobar,17004,F
Mario Carrasco,Mario Carrasco,13098,M
Ximena Delao,Ximena Delao,0,F
Patricio Villegas,Patricio Villegas,13945,M
Joaquín Grijalva,Joaquín Grijalva,21501,F
Juan Carlos Luna,Juan Carlos Luna,0,M
Iker Villegas,Iker Villegas,0,M
Verónica Pantoja,Verónica Pantoja,0,M
Jacobo Hernández,Jacobo Hernández,27268,M
Alan Varela,Alan Varela,0,F
Emily Heredia,Emily Heredia,0,M
Isaias Méndez,Isaias Méndez,0,M
Reina Krauel natera,Reina Krauel natera,0,F
Magdalena Yanes,Magdalena Yanes,0,F
Emilio Rubio,Emilio Rubio,12847,M
Salvador Linares,Salvador Linares,0,M
Eduardo Moreno,Eduardo Moreno,7534,F
Caridad Bétancourt,Caridad Bétancourt,8313,F
Natalia Medina,Natalia Medina,0,M
Nicolás Sanabria,Nicolás Sanabria,21464,M
Paola Leyva,Paola Leyva,0,F
Jennifer Briseño,Jennifer Briseño,27661,M
María Eugenia Aponte,María Eugenia Aponte,19859,M
Inés Casas,Inés Casas,5320,M
Cristobal Carranza,Cristobal Carranza,18884,F
Reina Garza,Reina Garza,19145,M
Reina Atencio,Reina Atencio,0,M
Abril González,Abril González,0,F
Manuela Curiel,Manuela Curiel,28076,M
Roberto Solorzano,Roberto Solorzano,12651,M
Diana Quintero cruz,Diana Quintero cruz,0,F
Sergio Roybal,Sergio Roybal,0,F
Gilberto Mena,Gilberto Mena,0,F
Emilio Cabrera,Emilio Cabrera,5710,F
Gonzalo Fierro,Gonzalo Fierro,0,F
Rafael Monroy,Rafael Monroy,8868,F
Ivan Vélez,Ivan Vélez,0,F
César Calderón,César Calderón,24596,M
Eloisa Sosa,Eloisa Sosa,25740,M
Octavio Manzanares,Octavio Manzanares,0,M
Raúl Saucedo,Raúl Saucedo,0,F
Ximena Santiago,Ximena Santiago,0,M
Alfredo Vigil,Alfredo Vigil,0,F
Juan Pablo Kaplan,Juan Pablo Kaplan,0,F
María de Jesús Hinojosa,María de Jesús Hinojosa,0,M
Sancho Beltrán,Sancho Beltrán,0,M
Santiago Collado,Santiago Collado,9238,M
Guillermo Velázquez,Guillermo Velázquez,0,F
Andrea Collazo,Andrea Collazo,0,F
Juana Prado,Juana Prado,21264,M
Luis Gabino Brito,Luis Gabino Brito,0,M
Cristian Gutiérrez,Cristian Gutiérrez,0,M
Clara Espinoza,Clara Espinoza,0,M
José Luis Jiménez,José Luis Jiménez,0,F
Cristobal Kanimal,Cristobal Kanimal,17902,M
Esperanza Madrid,Esperanza Madrid,28230,M
Josefina Padilla,Josefina Padilla,0,M
Ángel Daniel Vigil,Ángel Daniel Vigil,5613,F
Camila Nevárez,Camila Nevárez,10190,M
María Guadalupe Lucero,María Guadalupe Lucero,16679,F
Gerardo Abeyta,Gerardo Abeyta,0,F
Germán Cruz,Germán Cruz,0,M
Carla Castro,Carla Castro,0,F
Sancho Hinojosa,Sancho Hinojosa,0,M
Claudio Ulloa,Claudio Ulloa,29887,M
Sonia Cervantes,Sonia Cervantes,0,M
Eloisa Carranza,Eloisa Carranza,19255,M
Gael Sepúlveda,Gael Sepúlveda,0,M
Brayan Villegas,Brayan Villegas,0,F
Elvira Quevedo,Elvira Quevedo,27692,M
Jimena Montero,Jimena Montero,0,M
Esmeralda Villarreal,Esmeralda Villarreal,0,M
Alexis Díaz,Alexis Díaz,0,M
Luz Matos,Luz Matos,0,F
Jazmin Barraza,Jazmin Barraza,18344,M
Esperanza Karam,Esperanza Karam,0,M
Silvia Valdés,Silvia Valdés,26818,F
Claudio Almanza,Claudio Almanza,0,M
Alfonso Maestas,Alfonso Maestas,0,F
Camila Acosta,Camila Acosta,29837,F
Monserrat Anaya,Monserrat Anaya,22966,F
Jacobo Puga,Jacobo Puga,5613,M
Gloria Vallejo,Gloria Vallejo,5025,F
Elías Guardado,Elías Guardado,0,M
Rebeca Segovia,Rebeca Segovia,27148,M
Juan Pablo Orta,Juan Pablo Orta,0,F
Graciela Tirado,Graciela Tirado,0,F
Sergio Kindelan,Sergio Kindelan,0,F
Homero Patiño,Homero Patiño,0,M
Ximena Bueno,Ximena Bueno,0,M
Alexis Brito,Alexis Brito,15019,M
Gabriel Villareal,Gabriel Villareal,28650,M
Francisco Javier Contreras,Francisco Javier Contreras,12251,F
Mónica Gurule,Mónica Gurule,0,M
María del Carmen Irizarry,María del Carmen Irizarry,0,F
Luis Gabino Roque,Luis Gabino Roque,16180,M
Ana Salcedo,Ana Salcedo,0,F
Rosalia Karem,Rosalia Karem,0,F
Pablo Kano,Pablo Kano,0,F
Manuel Iglesias,Manuel Iglesias,18536,M
Melany Lerma,Melany Lerma,26838,M
Erick Montez,Erick Montez,23406,M
Brandon Aponte,Brandon Aponte,11788,M
Ángela Carrera,Ángela Carrera,0,F
Paola Aparicio,Paola Aparicio,0,M
Anita Miramontes,Anita Miramontes,14868,F
Sancho Sáenz,Sancho Sáenz,27394,M
Rosa María Carrillo,Rosa María Carrillo,11721,M
María José Treviño,María José Treviño,0,M
María José Karam,María José Karam,0,M
Yamileth Zelaya,Yamileth Zelaya,9755,M
Dulce María Gallardo,Dulce María Gallardo,0,F
Josefina Ballesteros,Josefina Ballesteros,0,M
Isabel Rivas,Isabel Rivas,0,F
Jennifer Tejada,Jennifer Tejada,0,F
Mayte Vaca,Mayte Vaca,0,M
Cristina Xenia,Cristina Xenia,0,M
María Luisa Quintana,María Luisa Quintana,16707,F
Guillermo Kortajarena,Guillermo Kortajarena,0,F
Ana Ulloa,Ana Ulloa,0,F
Elvira Nieves,Elvira Nieves,9129,F
Inés Miranda,Inés Miranda,16310,M
Abigail Palomino,Abigail Palomino,24487,F
Julio César Gómez,Julio César Gómez,12257,F
María Luisa Orta,María Luisa Orta,19957,F
Óscar Zaragoza,Óscar Zaragoza,25129,M
Kimberly Ayala,Kimberly Ayala,0,M
Daniel Matías,Daniel Matías,22304,F
Fernando Javier Miramontes,Fernando Javier Miramontes,0,F
Gregorio Cintrón,Gregorio Cintrón,15767,F
Eva Arteaga,Eva Arteaga,0,M
Juan Manuel Villanueva,Juan Manuel Villanueva,0,F
Irene Niño,Irene Niño,0,F
Dorotea Osorio,Dorotea Osorio,21295,M
Juan Alcaraz,Juan Alcaraz,0,F
Lorena Véliz,Lorena Véliz,17707,F
Juan Manuel Marroquín,Juan Manuel Marroquín,0,F
María José Roque,María José Roque,11550,M
Pilar Pérez,Pilar Pérez,7332,F
Israel Almaraz,Israel Almaraz,21019,F
Tamara Peña,Tamara Peña,8945.7,F
Giovanni Valdéz,Giovanni Valdéz,23596.2,M
Yazdel García,Yazdel García,8945.7,F
Yazdel Rodriguez,Yazdel Rodriguez,8945.7,F
Giovanni Villarreal,Giovanni Villarreal,21577.6,M
Gaia Juarez,Gaia Juarez,23596.2,F
Andrea Morales,Andrea Morales,21577.6,F
Andrea Rivera,Andrea Rivera,23596.2,F
Tamara Flores,Tamara Flores,256.5,F
Gaia Villarreal,Gaia Villarreal,256.5,F
Hernán Morales,Hernán Morales,8945.7,O
Andrea García,Andrea García,256.5,F
Alberto Villarreal,Alberto Villarreal,21577.6,M
Giovanni Gallegos,Giovanni Gallegos,8945.7,M
Yazdel Villarreal,Yazdel Villarreal,256.5,F
FLORENTINA Villarreal,FLORENTINA Villarreal,21577.6,F
Giovanni Rodriguez,Giovanni Rodriguez,256.5,M
Alejandra García,Alejandra García,23596.2,F
GUADALUPE Morales,GUADALUPE Morales,21577.6,F
Gaia CABRERA,Gaia CABRERA,256.5,F
Alejandra Rivera,Alejandra Rivera,23596.2,F
Andrea García,Andrea García,8945.7,F
Hernán Cuevas,Hernán Cuevas,256.5,O
Giovanni Villarreal,Giovanni Villarreal,8945.7,M
Gaia Cuevas,Gaia Cuevas,23596.2,F
Giovanni Villarreal,Giovanni Villarreal,8945.7,M
Andrea Cuevas,Andrea Cuevas,21577.6,F
Hernán Valdéz,Hernán Valdéz,256.5,O
Hernán Rodriguez,Hernán Rodriguez,256.5,O
Homero Flores,Homero Flores,21577.6,M
Gaia Rivera,Gaia Rivera,256.5,F
Hernán Martínez,Hernán Martínez,256.5,O
Yazdel Centeno,Yazdel Centeno,256.5,F
Alberto Flores,Alberto Flores,256.5,M
Alejandra Gallegos,Alejandra Gallegos,21577.6,F
Alberto Villarreal,Alberto Villarreal,23596.2,M
Gaia García,Gaia García,256.5,F
Gaia Flores,Gaia Flores,256.5,F
Alejandra Gallegos,Alejandra Gallegos,256.5,F
Yazdel cano,Yazdel cano,8945.7,F
Giovanni Rivera,Giovanni Rivera,21577.6,M
Alberto Juarez,Alberto Juarez,256.5,M
Giovanni Rivera,Giovanni Rivera,21577.6,M
Gaia Morales,Gaia Morales,23596.2,F
Giovanni Flores,Giovanni Flores,21577.6,M
Andrea Villarreal,Andrea Villarreal,256.5,F
Giovanni Juarez,Giovanni Juarez,23596.2,M
Andrea Juarez,Andrea Juarez,256.5,F
abelardo Valdéz,abelardo Valdéz,8945.7,F
ana Villarreal,ana Villarreal,21577.6,F
Hernán Valdéz,Hernán Valdéz,23596.2,O
Andrea Gallegos,Andrea Gallegos,8945.7,F
Hernán García,Hernán García,256.5,O
Andrea Cuevas,Andrea Cuevas,21577.6,F
Hernán Rivera,Hernán Rivera,256.5,O
Gaia Rodriguez,Gaia Rodriguez,23596.2,F
Gaia Morales,Gaia Morales,256.5,F
Homero Gallegos,Homero Gallegos,23596.2,M
Gaia Morales,Gaia Morales,23596.2,F
Yazdel Flores,Yazdel Flores,21577.6,F
Giovanni García,Giovanni García,8945.7,M
Hernán Rodriguez,Hernán Rodriguez,21577.6,O
Yazdel Martínez,Yazdel Martínez,8945.7,F
Homero Rivera,Homero Rivera,21577.6,M
Giovanni Gallegos,Giovanni Gallegos,8945.7,M
Alberto Cuevas,Alberto Cuevas,256.5,M
Alejandra Martínez,Alejandra Martínez,21577.6,F
Alejandra Rodriguez,Alejandra Rodriguez,8945.7,F
Homero Rivera,Homero Rivera,21577.6,M
Andrea Villarreal,Andrea Villarreal,21577.6,F
Gaia Valdéz,Gaia Valdéz,8945.7,F
Alberto Martínez,Alberto Martínez,8945.7,M
Andrea Cuevas,Andrea Cuevas,23596.2,F
Yazdel Rodriguez,Yazdel Rodriguez,21577.6,F
Alberto Valdéz,Alberto Valdéz,23596.2,M
Andrea Villarreal,Andrea Villarreal,21577.6,F
Hernán García,Hernán García,23596.2,O
Gaia Martínez,Gaia Martínez,256.5,F
Yazdel Morales,Yazdel Morales,256.5,F
Alberto Rivera,Alberto Rivera,21577.6,M
Alejandra Villarreal,Alejandra Villarreal,21577.6,F
Alberto Morales,Alberto Morales,21577.6,M
Yazdel Villarreal,Yazdel Villarreal,256.5,F
Yazdel Flores,Yazdel Flores,21577.6,F
Tamara García,Tamara García,256.5,F
Gaia Cuevas,Gaia Cuevas,8945.7,F
Emiliano Juárez,Emiliano Juárez,0,M
Tamara Rodriguez,Tamara Rodriguez,23596.2,F
Alberto Martínez,Alberto Martínez,23596.2,M
Alejandra Villarreal,Alejandra Villarreal,256.5,F
Alberto Martínez,Alberto Martínez,256.5,M
Homero Rodriguez,Homero Rodriguez,8945.7,M
Homero Valdéz,Homero Valdéz,256.5,M
Alejandra Morales,Alejandra Morales,256.5,F
Alejandra Gallegos,Alejandra Gallegos,8945.7,F
Giovanni Flores,Giovanni Flores,256.5,M
Yazdel Valdéz,Yazdel Valdéz,256.5,F
Andrea Rivera,Andrea Rivera,21577.6,F
Alberto Martínez,Alberto Martínez,256.5,M
Alejandra Rivera,Alejandra Rivera,23596.2,F
Homero Rodriguez,Homero Rodriguez,23596.2,M
Alberto Cuevas,Alberto Cuevas,256.5,M
Tamara Cuevas,Tamara Cuevas,256.5,F
Alejandra Cuevas,Alejandra Cuevas,23596.2,F
Alberto Morales,Alberto Morales,23596.2,M
Yazdel Morales,Yazdel Morales,256.5,F
Giovanni Rodriguez,Giovanni Rodriguez,256.5,M
Giovanni Valdéz,Giovanni Valdéz,23596.2,M
Alberto Rivera,Alberto Rivera,21577.6,M
Alberto Rodriguez,Alberto Rodriguez,256.5,M
Gaia Rodriguez,Gaia Rodriguez,23596.2,F
Tamara Martínez,Tamara Martínez,8945.7,F
Giovanni Flores,Giovanni Flores,8945.7,M
Alejandra Rivera,Alejandra Rivera,8945.7,F
Hernán García,Hernán García,256.5,O
Hernán Juarez,Hernán Juarez,21577.6,O
Yazdel Morales,Yazdel Morales,23596.2,F
Hernán Martínez,Hernán Martínez,256.5,O
Yazdel Morales,Yazdel Morales,8945.7,F
Andrea Flores,Andrea Flores,21577.6,F
Yazdel Martínez,Yazdel Martínez,8945.7,F
Tamara Morales,Tamara Morales,21577.6,F
Gaia Cuevas,Gaia Cuevas,21577.6,F
Alejandra García,Alejandra García,23596.2,F
Gaia Gallegos,Gaia Gallegos,256.5,F
Yazdel Juarez,Yazdel Juarez,8945.7,F
Alejandra Valdéz,Alejandra Valdéz,21577.6,F
Homero Gallegos,Homero Gallegos,8945.7,M
Tamara Villarreal,Tamara Villarreal,21577.6,F
Tamara Cuevas,Tamara Cuevas,23596.2,F
Hernán Gallegos,Hernán Gallegos,23596.2,O
Alberto Valdéz,Alberto Valdéz,256.5,M
Andrea Cuevas,Andrea Cuevas,21577.6,F
Hernán Rodriguez,Hernán Rodriguez,23596.2,O
Tamara Rivera,Tamara Rivera,21577.6,F
Alejandra Gallegos,Alejandra Gallegos,8945.7,F
Giovanni Juarez,Giovanni Juarez,23596.2,M
Homero Villarreal,Homero Villarreal,23596.2,M
Andrea Morales,Andrea Morales,8945.7,F
Tamara Martínez,Tamara Martínez,8945.7,F
Tamara García,Tamara García,256.5,F
Tamara Juarez,Tamara Juarez,23596.2,F
Homero Rivera,Homero Rivera,256.5,M
Giovanni Rivera,Giovanni Rivera,21577.6,M
Giovanni Rodriguez,Giovanni Rodriguez,256.5,M
Alberto García,Alberto García,23596.2,M
Alberto Juarez,Alberto Juarez,8945.7,M
Giovanni Gallegos,Giovanni Gallegos,21577.6,M
Tamara Juarez,Tamara Juarez,23596.2,F
Homero García,Homero García,23596.2,M
Alberto Juarez,Alberto Juarez,21577.6,M
Alberto Villarreal,Alberto Villarreal,8945.7,M
Andrea Juarez,Andrea Juarez,21577.6,F
Alberto Martínez,Alberto Martínez,21577.6,M
Alejandra Rivera,Alejandra Rivera,23596.2,F
Tamara Rodriguez,Tamara Rodriguez,256.5,F
Alejandra Cuevas,Alejandra Cuevas,256.5,F
Hernán Morales,Hernán Morales,8945.7,O
Andrea Cuevas,Andrea Cuevas,21577.6,F
Hernán Martínez,Hernán Martínez,8945.7,O
Yazdel Cuevas,Yazdel Cuevas,256.5,F
Alberto Valdéz,Alberto Valdéz,8945.7,M
Homero Valdéz,Homero Valdéz,21577.6,M
Andrea Flores,Andrea Flores,8945.7,F
Giovanni Gallegos,Giovanni Gallegos,256.5,M
Tamara Gallegos,Tamara Gallegos,23596.2,F
Tamara Valdéz,Tamara Valdéz,21577.6,F
Yazdel Cuevas,Yazdel Cuevas,23596.2,F
Yazdel Villarreal,Yazdel Villarreal,21577.6,F
Andrea Martínez,Andrea Martínez,23596.2,F
Giovanni Gallegos,Giovanni Gallegos,256.5,M
Alberto Flores,Alberto Flores,23596.2,M
Giovanni Martínez,Giovanni Martínez,21577.6,M
Gaia Juarez,Gaia Juarez,23596.2,F
Homero Cuevas,Homero Cuevas,23596.2,M
Andrea García,Andrea García,23596.2,F
Tamara Cuevas,Tamara Cuevas,23596.2,F
Alejandra Rivera,Alejandra Rivera,21577.6,F
Alejandra Flores,Alejandra Flores,23596.2,F
Tamara Gallegos,Tamara Gallegos,8945.7,F
Tamara Gallegos,Tamara Gallegos,8945.7,F
Alejandra Gallegos,Alejandra Gallegos,21577.6,F
Alejandra Rodriguez,Alejandra Rodriguez,23596.2,F
Giovanni Gallegos,Giovanni Gallegos,8945.7,M
Hernán Morales,Hernán Morales,256.5,O
Alberto Valdéz,Alberto Valdéz,23596.2,M
Homero Juarez,Homero Juarez,8945.7,M
Alberto Villarreal,Alberto Villarreal,8945.7,M
Homero Juarez,Homero Juarez,8945.7,M
Yazdel Morales,Yazdel Morales,256.5,F
Tamara Rodriguez,Tamara Rodriguez,21577.6,F
Homero Rivera,Homero Rivera,256.5,M
Hernán Villarreal,Hernán Villarreal,23596.2,O
Yazdel García,Yazdel García,256.5,F
Andrea Martínez,Andrea Martínez,23596.2,F
Yazdel Valdéz,Yazdel Valdéz,21577.6,F
Homero Gallegos,Homero Gallegos,23596.2,M
Yazdel Rodriguez,Yazdel Rodriguez,256.5,F
Gaia Flores,Gaia Flores,8945.7,F
Hernán Flores,Hernán Flores,256.5,O
Gaia García,Gaia García,256.5,F
Homero Gallegos,Homero Gallegos,21577.6,M
Alberto Valdéz,Alberto Valdéz,23596.2,M
Andrea Rivera,Andrea Rivera,256.5,F
Alejandra Juarez,Alejandra Juarez,21577.6,F
Giovanni Gallegos,Giovanni Gallegos,8945.7,M
Yazdel Cuevas,Yazdel Cuevas,21577.6,F
Giovanni Villarreal,Giovanni Villarreal,21577.6,M
Alejandra Gallegos,Alejandra Gallegos,256.5,F
Alberto Morales,Alberto Morales,21577.6,M
Giovanni Flores,Giovanni Flores,256.5,M
Giovanni Flores,Giovanni Flores,23596.2,M
Homero Flores,Homero Flores,23596.2,M
Andrea Valdéz,Andrea Valdéz,8945.7,F
Alberto Flores,Alberto Flores,256.5,M
Andrea Martínez,Andrea Martínez,256.5,F
Andrea Cuevas,Andrea Cuevas,8945.7,F
Alberto Valdéz,Alberto Valdéz,21577.6,M
Alberto García,Alberto García,23596.2,M
Alejandra Gallegos,Alejandra Gallegos,23596.2,F
Alberto Juarez,Alberto Juarez,8945.7,M
Gaia Rodriguez,Gaia Rodriguez,21577.6,F
Yazdel Valdéz,Yazdel Valdéz,8945.7,F
Alejandra Rivera,Alejandra Rivera,23596.2,F
Yazdel Gallegos,Yazdel Gallegos,21577.6,F
Alejandra Villarreal,Alejandra Villarreal,21577.6,F
Hernán Martínez,Hernán Martínez,256.5,O
Tamara Martínez,Tamara Martínez,8945.7,F
Alejandra Juarez,Alejandra Juarez,8945.7,F
Giovanni Juarez,Giovanni Juarez,23596.2,M
Hernán Gallegos,Hernán Gallegos,256.5,O
Hernán Morales,Hernán Morales,23596.2,O
Gaia Rodriguez,Gaia Rodriguez,8945.7,F
Tamara Morales,Tamara Morales,256.5,F
Homero Cuevas,Homero Cuevas,256.5,M
Yazdel Villarreal,Yazdel Villarreal,23596.2,F
Alejandra Villarreal,Alejandra Villarreal,8945.7,F
Hernán Morales,Hernán Morales,8945.7,O
Yazdel Villarreal,Yazdel Villarreal,23596.2,F
Homero Villarreal,Homero Villarreal,8945.7,M
Giovanni Rivera,Giovanni Rivera,23596.2,M
Alejandra Martínez,Alejandra Martínez,256.5,F
Yazdel García,Yazdel García,8945.7,F
Andrea Martínez,Andrea Martínez,21577.6,F
Giovanni García,Giovanni García,256.5,M
Giovanni García,Giovanni García,256.5,M
Yazdel Villarreal,Yazdel Villarreal,256.5,F
Alberto Morales,Alberto Morales,8945.7,M
Alejandra Rivera,Alejandra Rivera,8945.7,F
Hernán Flores,Hernán Flores,21577.6,O
Alberto Cuevas,Alberto Cuevas,8945.7,M
Giovanni Rodriguez,Giovanni Rodriguez,8945.7,M
Yazdel Cuevas,Yazdel Cuevas,23596.2,F
Tamara Rodriguez,Tamara Rodriguez,23596.2,F
Giovanni Valdéz,Giovanni Valdéz,256.5,M
Alberto Gallegos,Alberto Gallegos,8945.7,M
Hernán Juarez,Hernán Juarez,21577.6,O
Homero Flores,Homero Flores,23596.2,M
Tamara Villarreal,Tamara Villarreal,23596.2,F
Andrea Cuevas,Andrea Cuevas,256.5,F
Hernán Juarez,Hernán Juarez,23596.2,O
Homero Rodriguez,Homero Rodriguez,23596.2,M
Yazdel Flores,Yazdel Flores,21577.6,F
Yazdel García,Yazdel García,256.5,F
Hernán Juarez,Hernán Juarez,8945.7,O
Giovanni Rodriguez,Giovanni Rodriguez,21577.6,M
Hernán Valdéz,Hernán Valdéz,21577.6,O
Tamara Juarez,Tamara Juarez,21577.6,F
Alejandra Rodriguez,Alejandra Rodriguez,21577.6,F
Alberto Cuevas,Alberto Cuevas,8945.7,M
Gaia Valdéz,Gaia Valdéz,21577.6,F
Hernán Villarreal,Hernán Villarreal,21577.6,O
Alejandra Rodriguez,Alejandra Rodriguez,256.5,F
Tamara Cuevas,Tamara Cuevas,23596.2,F
Yazdel Flores,Yazdel Flores,256.5,F
Gaia Cuevas,Gaia Cuevas,256.5,F
Yazdel Gallegos,Yazdel Gallegos,21577.6,F
Giovanni Villarreal,Giovanni Villarreal,256.5,M
Giovanni Rodriguez,Giovanni Rodriguez,21577.6,M
Gaia Valdéz,Gaia Valdéz,23596.2,F
Alejandra Valdéz,Alejandra Valdéz,23596.2,F
Andrea Morales,Andrea Morales,8945.7,F
Gaia Rivera,Gaia Rivera,256.5,F
Alberto Juarez,Alberto Juarez,256.5,M
Yazdel Morales,Yazdel Morales,256.5,F
Andrea Martínez,Andrea Martínez,256.5,F
Homero Valdéz,Homero Valdéz,23596.2,M
Hernán Valdéz,Hernán Valdéz,23596.2,O
Homero Morales,Homero Morales,21577.6,M
Homero Flores,Homero Flores,23596.2,M
Yazdel Juarez,Yazdel Juarez,256.5,F
Hernán Villarreal,Hernán Villarreal,23596.2,O
Yazdel Juarez,Yazdel Juarez,23596.2,F
Gaia García,Gaia García,256.5,F
Giovanni Morales,Giovanni Morales,23596.2,M
Gaia Villarreal,Gaia Villarreal,256.5,F
Yazdel Villarreal,Yazdel Villarreal,256.5,F
Tamara Morales,Tamara Morales,23596.2,F
Hernán Villarreal,Hernán Villarreal,23596.2,O
Gaia Villarreal,Gaia Villarreal,8945.7,F
Alberto Juarez,Alberto Juarez,256.5,M
Yazdel Rivera,Yazdel Rivera,8945.7,F
Homero Valdéz,Homero Valdéz,21577.6,M
Hernán Flores,Hernán Flores,23596.2,O
Gaia Juarez,Gaia Juarez,21577.6,F
Alejandra Martínez,Alejandra Martínez,8945.7,F
Tamara Gallegos,Tamara Gallegos,23596.2,F
Yazdel Rivera,Yazdel Rivera,256.5,F
Alejandra García,Alejandra García,23596.2,F
Andrea Rivera,Andrea Rivera,21577.6,F
Alberto Villarreal,Alberto Villarreal,21577.6,M
Hernán Flores,Hernán Flores,23596.2,O
Giovanni Rivera,Giovanni Rivera,256.5,M
Gaia Juarez,Gaia Juarez,256.5,F
Andrea Juarez,Andrea Juarez,8945.7,F
Hernán Valdéz,Hernán Valdéz,256.5,O
Hernán García,Hernán García,23596.2,O
Tamara Valdéz,Tamara Valdéz,21577.6,F
Gaia Morales,Gaia Morales,21577.6,F
Alberto Morales,Alberto Morales,23596.2,M
Yazdel Rivera,Yazdel Rivera,8945.7,F
Giovanni Rivera,Giovanni Rivera,21577.6,M
Andrea Morales,Andrea Morales,23596.2,F
Giovanni Martínez,Giovanni Martínez,8945.7,M
Giovanni Valdéz,Giovanni Valdéz,23596.2,M
Tamara Rivera,Tamara Rivera,8945.7,F
Andrea Martínez,Andrea Martínez,23596.2,F
Tamara García,Tamara García,8945.7,F
Alberto Valdéz,Alberto Valdéz,23596.2,M
Alberto Villarreal,Alberto Villarreal,8945.7,M
Andrea Rodriguez,Andrea Rodriguez,8945.7,F
Homero Rivera,Homero Rivera,23596.2,M
Gaia Juarez,Gaia Juarez,8945.7,F
Gaia Juarez,Gaia Juarez,256.5,F
Giovanni Rodriguez,Giovanni Rodriguez,8945.7,M
Tamara Valdéz,Tamara Valdéz,23596.2,F
Tamara Rodriguez,Tamara Rodriguez,21577.6,F
Homero García,Homero García,23596.2,M
Andrea Juarez,Andrea Juarez,21577.6,F
Hernán Morales,Hernán Morales,8945.7,O
Yazdel Flores,Yazdel Flores,21577.6,F
Gaia Rivera,Gaia Rivera,256.5,F
Alejandra Valdéz,Alejandra Valdéz,8945.7,F
Tamara Martínez,Tamara Martínez,8945.7,F
Yazdel García,Yazdel García,256.5,F
Hernán Morales,Hernán Morales,21577.6,O
Alberto Rodriguez,Alberto Rodriguez,23596.2,M
Tamara Rivera,Tamara Rivera,21577.6,F
Alberto Cuevas,Alberto Cuevas,256.5,M
Alberto Villarreal,Alberto Villarreal,23596.2,M
Andrea Morales,Andrea Morales,21577.6,F
Comisión Federal de Electricidad,Comisión Federal de Electricidad,0,I
SECRETARIA DE HACIENDA Y CREDITO PUBLICO,SECRETARIA DE HACIENDA Y CREDITO PUBLICO,0,I
CONSEJO DE PROMOCION TURISTICA DE MEXICO S.A. DE C.V.,CONSEJO DE PROMOCION TURISTICA DE MEXICO S.A. DE C.V.,0,I
ADMINISTRACION PORTUARIA INTEGRAL DE ENSENADA S.A. DE C.V.,ADMINISTRACION PORTUARIA INTEGRAL DE ENSENADA S.A. DE C.V.,0,I
CENTRO DE INVESTIGACION CIENTIFICA DE YUCATAN A.C.,CENTRO DE INVESTIGACION CIENTIFICA DE YUCATAN A.C.,0,I
SECRETARIA DE MEDIO AMBIENTE Y RECURSOS NATURALES,SECRETARIA DE MEDIO AMBIENTE Y RECURSOS NATURALES,0,I
REGISTRO AGRARIO NACIONAL,REGISTRO AGRARIO NACIONAL,0,I
SECRETARIA DE AGRICULTURA GANADERIA DESARROLLO RURAL PESCA Y ALIMENTACION,SECRETARIA DE AGRICULTURA GANADERIA DESARROLLO RURAL PESCA Y ALIMENTACION,0,I
COMISION NACIONAL DE LIBROS DE TEXTO GRATUITOS,COMISION NACIONAL DE LIBROS DE TEXTO GRATUITOS,0,I
SERVICIOS DE ALMACENAMIENTO DEL NORTE S.A.,SERVICIOS DE ALMACENAMIENTO DEL NORTE S.A.,0,I
COMISION NACIONAL PARA EL USO EFICIENTE DE LA ENERGIA,COMISION NACIONAL PARA EL USO EFICIENTE DE LA ENERGIA,0,I
CENTRO DE INVESTIGACION Y SEGURIDAD NACIONAL,CENTRO DE INVESTIGACION Y SEGURIDAD NACIONAL,0,I
ADMINISTRACION PORTUARIA INTEGRAL DE COATZACOALCOS S.A. DE C.V.,ADMINISTRACION PORTUARIA INTEGRAL DE COATZACOALCOS S.A. DE C.V.,0,I
COMISION NACIONAL BANCARIA Y DE VALORES,COMISION NACIONAL BANCARIA Y DE VALORES,0,I
ARCHIVO GENERAL DE LA NACION,ARCHIVO GENERAL DE LA NACION,0,I
ADMINISTRACION PORTUARIA INTEGRAL DE LAZARO CARDENAS S.A. DE C.V.,ADMINISTRACION PORTUARIA INTEGRAL DE LAZARO CARDENAS S.A. DE C.V.,0,I
INSTITUTO NACIONAL DE CARDIOLOGIA IGNACIO CHAVEZ,INSTITUTO NACIONAL DE CARDIOLOGIA IGNACIO CHAVEZ,0,I
INSTITUTO NACIONAL DE INVESTIGACIONES NUCLEARES,INSTITUTO NACIONAL DE INVESTIGACIONES NUCLEARES,0,I
FIDEICOMISO DE FOMENTO MINERO,FIDEICOMISO DE FOMENTO MINERO,0,I
CENTRO NACIONAL DE EQUIDAD DE GENERO Y SALUD REPRODUCTIVA,CENTRO NACIONAL DE EQUIDAD DE GENERO Y SALUD REPRODUCTIVA,0,I
ADMINISTRACION FEDERAL DE SERVICIOS EDUCATIVOS EN EL DISTRITO FEDERAL,ADMINISTRACION FEDERAL DE SERVICIOS EDUCATIVOS EN EL DISTRITO FEDERAL,0,I
ADMINISTRACION PORTUARIA INTEGRAL DE TAMPICO S.A. DE C.V.,ADMINISTRACION PORTUARIA INTEGRAL DE TAMPICO S.A. DE C.V.,0,I
COMISION NACIONAL DE ARBITRAJE MEDICO,COMISION NACIONAL DE ARBITRAJE MEDICO,0,I
CORPORACIÓN ÁNGELES VERDES,CORPORACIÓN ÁNGELES VERDES,0,I
ADMINISTRACION PORTUARIA INTEGRAL DE VERACRUZ S.A. DE C.V.,ADMINISTRACION PORTUARIA INTEGRAL DE VERACRUZ S.A. DE C.V.,0,I
CFE GENERACIÓN III,CFE GENERACIÓN III,0,I
TRANSPORTADORA DE SAL S.A. DE C.V.,TRANSPORTADORA DE SAL S.A. DE C.V.,0,I
AGROASEMEX S.A.,AGROASEMEX S.A.,0,I
INSTITUTO MATIAS ROMERO DE ESTUDIOS DIPLOMATICOS,INSTITUTO MATIAS ROMERO DE ESTUDIOS DIPLOMATICOS,0,I
AGENCIA NACIONAL DE SEGURIDAD INDUSTRIAL Y DE PROTECCIÓN AL MEDIO AMBIENTE DEL SECTOR HIDROCARBUROS,AGENCIA NACIONAL DE SEGURIDAD INDUSTRIAL Y DE PROTECCIÓN AL MEDIO AMBIENTE DEL SECTOR HIDROCARBUROS,0,I
PROCURADURIA FEDERAL DEL CONSUMIDOR,PROCURADURIA FEDERAL DEL CONSUMIDOR,0,I
COMISION PARA PREVENIR Y ERRADICAR LA VIOLENCIA CONTRA LAS MUJERES,COMISION PARA PREVENIR Y ERRADICAR LA VIOLENCIA CONTRA LAS MUJERES,0,I
COLEGIO SUPERIOR AGROPECUARIO DEL ESTADO DE GUERRERO,COLEGIO SUPERIOR AGROPECUARIO DEL ESTADO DE GUERRERO,0,I
"EL COLEGIO DE MEXICO, A.C.","EL COLEGIO DE MEXICO, A.C.",0,I
"CIATEQ, A.C. CENTRO DE TECNOLOGIA AVANZADA","CIATEQ, A.C. CENTRO DE TECNOLOGIA AVANZADA",0,I
AEROPUERTOS Y SERVICIOS AUXILIARES,AEROPUERTOS Y SERVICIOS AUXILIARES,0,I
FIDEICOMISO PROMEXICO,FIDEICOMISO PROMEXICO,0,I
COMISION NACIONAL DE AREAS NATURALES PROTEGIDAS,COMISION NACIONAL DE AREAS NATURALES PROTEGIDAS,0,I
INSTITUTO MEXICANO DE LA RADIO,INSTITUTO MEXICANO DE LA RADIO,0,I
INSTITUTO DE ECOLOGIA A.C. (INV),INSTITUTO DE ECOLOGIA A.C. (INV),0,I
BANCO NACIONAL DEL EJERCITO FUERZA AEREA Y ARMADA S.N.C.,BANCO NACIONAL DEL EJERCITO FUERZA AEREA Y ARMADA S.N.C.,0,I
COORDINACION NACIONAL DEL PROGRAMA DE DESARROLLO HUMANO OPORTUNIDADES,COORDINACION NACIONAL DEL PROGRAMA DE DESARROLLO HUMANO OPORTUNIDADES,0,I
AGENCIA MEXICANA DE COOPERACIÓN INTERNACIONAL PARA EL DESARROLLO,AGENCIA MEXICANA DE COOPERACIÓN INTERNACIONAL PARA EL DESARROLLO,0,I
FONDO DE GARANTIA Y FOMENTO PARA LAS ACTIVIDADES PESQUERAS,FONDO DE GARANTIA Y FOMENTO PARA LAS ACTIVIDADES PESQUERAS,0,I
HOSPITAL REGIONAL DE ALTA ESPECIALIDAD DE IXTAPALUCA,HOSPITAL REGIONAL DE ALTA ESPECIALIDAD DE IXTAPALUCA,0,I
"FONATUR MANTENIMIENTO TURISTICO, S.A. DE C.V.","FONATUR MANTENIMIENTO TURISTICO, S.A. DE C.V.",0,I
COMITÉ NACIONAL PARA EL DESARROLLO SUSTENTABLE DE LA CAÑA DE AZÚCAR,COMITÉ NACIONAL PARA EL DESARROLLO SUSTENTABLE DE LA CAÑA DE AZÚCAR,0,I
INSTITUTO NACIONAL DE MIGRACION,INSTITUTO NACIONAL DE MIGRACION,0,I
COMISION FEDERAL DE TELECOMUNICACIONES,COMISION FEDERAL DE TELECOMUNICACIONES,0,I
COMISION NACIONAL DE CULTURA FISICA Y DEPORTE,COMISION NACIONAL DE CULTURA FISICA Y DEPORTE,0,I
PROCURADURIA FEDERAL DE LA DEFENSA DEL TRABAJO,PROCURADURIA FEDERAL DE LA DEFENSA DEL TRABAJO,0,I
LICONSA S.A. DE C.V.,LICONSA S.A. DE C.V.,0,I
"SECRETARIA DE DESARROLLO AGRARIO, TERRITORIAL Y URBANO","SECRETARIA DE DESARROLLO AGRARIO, TERRITORIAL Y URBANO",0,I
EL COLEGIO DE LA FRONTERA SUR,EL COLEGIO DE LA FRONTERA SUR,0,I
COLEGIO DE BACHILLERES,COLEGIO DE BACHILLERES,0,I
INSTITUTO NACIONAL DE ESTUDIOS HISTORICOS DE LAS REVOLUCIONES DE MEXICO,INSTITUTO NACIONAL DE ESTUDIOS HISTORICOS DE LAS REVOLUCIONES DE MEXICO,0,I
AEROPUERTO INTERNACIONAL DE LA CIUDAD DE MEXICO S.A. DE C.V.,AEROPUERTO INTERNACIONAL DE LA CIUDAD DE MEXICO S.A. DE C.V.,0,I
PEMEX-GAS Y PETROQUIMICA BASICA,PEMEX-GAS Y PETROQUIMICA BASICA,0,I
INSTITUTO FEDERAL DE ACCESO A LA INFORMACION PUBLICA,INSTITUTO FEDERAL DE ACCESO A LA INFORMACION PUBLICA,0,I
SECRETARIA DE ENERGIA,SECRETARIA DE ENERGIA,0,I
PRESIDENCIA DE LA REPUBLICA,PRESIDENCIA DE LA REPUBLICA,0,I
BANCO NACIONAL DE OBRAS Y SERVICIOS PUBLICOS S.N.C.,BANCO NACIONAL DE OBRAS Y SERVICIOS PUBLICOS S.N.C.,0,I
SECRETARIA DE DESARROLLO SOCIAL,SECRETARIA DE DESARROLLO SOCIAL,0,I
SECRETARIA DE LA FUNCION PUBLICA,SECRETARIA DE LA FUNCION PUBLICA,0,I
INSTITUTO NACIONAL DE CIENCIAS PENALES,INSTITUTO NACIONAL DE CIENCIAS PENALES,0,I
BANCO NACIONAL DE CREDITO RURAL S.N.C.,BANCO NACIONAL DE CREDITO RURAL S.N.C.,0,I
TALLERES GRAFICOS DE MEXICO,TALLERES GRAFICOS DE MEXICO,0,I
FERROCARRIL DEL ISTMO DE TEHUANTEPEC S.A. DE C.V.,FERROCARRIL DEL ISTMO DE TEHUANTEPEC S.A. DE C.V.,0,I
CASA DE MONEDA DE MEXICO,CASA DE MONEDA DE MEXICO,0,I
CONSEJO NACIONAL PARA PREVENIR LA DISCRIMINACION,CONSEJO NACIONAL PARA PREVENIR LA DISCRIMINACION,0,I
FONDO NACIONAL PARA EL FOMENTO DE LAS ARTESANIAS,FONDO NACIONAL PARA EL FOMENTO DE LAS ARTESANIAS,0,I
COMISION NACIONAL DEL AGUA,COMISION NACIONAL DEL AGUA,0,I
ADMINISTRACION PORTUARIA INTEGRAL DE SALINA CRUZ S.A. DE C.V.,ADMINISTRACION PORTUARIA INTEGRAL DE SALINA CRUZ S.A. DE C.V.,0,I
CENTRO DE CAPACITACION CINEMATOGRAFICA A.C.,CENTRO DE CAPACITACION CINEMATOGRAFICA A.C.,0,I
CFE CORPORATIVO,CFE CORPORATIVO,0,I
NOTIMEX S.A. DE C.V.,NOTIMEX S.A. DE C.V.,0,I
COMISION NACIONAL DE ACUACULTURA Y PESCA,COMISION NACIONAL DE ACUACULTURA Y PESCA,0,I
SERVICIO DE PROTECCIÓN FEDERAL,SERVICIO DE PROTECCIÓN FEDERAL,0,I
ADMINISTRACION PORTUARIA INTEGRAL DE TOPOLOBAMPO S.A. DE C.V.,ADMINISTRACION PORTUARIA INTEGRAL DE TOPOLOBAMPO S.A. DE C.V.,0,I
BANCO NACIONAL DE COMERCIO EXTERIOR S.N.C.,BANCO NACIONAL DE COMERCIO EXTERIOR S.N.C.,0,I
APOYOS Y SERVICIOS A LA COMERCIALIZACION AGROPECUARIA,APOYOS Y SERVICIOS A LA COMERCIALIZACION AGROPECUARIA,0,I
CENTRO REGIONAL DE ALTA ESPECIALIDAD EN CHIAPAS,CENTRO REGIONAL DE ALTA ESPECIALIDAD EN CHIAPAS,0,I
HOSPITAL REGIONAL DE ALTA ESPECIALIDAD DE CIUDAD VICTORIA BICENTENARIO 2010,HOSPITAL REGIONAL DE ALTA ESPECIALIDAD DE CIUDAD VICTORIA BICENTENARIO 2010,0,I
BANCO DEL AHORRO NACIONAL Y SERVICIOS FINANCIEROS S N C,BANCO DEL AHORRO NACIONAL Y SERVICIOS FINANCIEROS S N C,0,I
TRIBUNAL SUPERIOR AGRARIO.,TRIBUNAL SUPERIOR AGRARIO.,0,I
COMISION NACIONAL DE SEGURIDAD NUCLEAR Y SALVAGUARDIAS,COMISION NACIONAL DE SEGURIDAD NUCLEAR Y SALVAGUARDIAS,0,I
SERVICIO DE INFORMACION AGROALIMENTARIA Y PESQUERA,SERVICIO DE INFORMACION AGROALIMENTARIA Y PESQUERA,0,I
FIDEICOMISO FONDO DE CAPITALIZACION E INVERSION DEL SECTOR RURAL,FIDEICOMISO FONDO DE CAPITALIZACION E INVERSION DEL SECTOR RURAL,0,I
CENTRO DE INVESTIGACION Y DOCENCIA ECONOMICAS A.C.,CENTRO DE INVESTIGACION Y DOCENCIA ECONOMICAS A.C.,0,I
CENTRO DE INVESTIGACION EN QUIMICA APLICADA,CENTRO DE INVESTIGACION EN QUIMICA APLICADA,0,I
INSTITUTO DE INVESTIGACIONES DR. JOSE MARIA LUIS MORA,INSTITUTO DE INVESTIGACIONES DR. JOSE MARIA LUIS MORA,0,I
INSTITUTO MEXICANO DE LA JUVENTUD,INSTITUTO MEXICANO DE LA JUVENTUD,0,I
"FONATUR CONSTRUCTORA, S.A. DE C.V.","FONATUR CONSTRUCTORA, S.A. DE C.V.",0,I
"NOTIMEX, AGENCIA DE NOTICIAS DEL ESTADO MEXICANO","NOTIMEX, AGENCIA DE NOTICIAS DEL ESTADO MEXICANO",0,I
FONDO DE INFORMACION Y DOCUMENTACION PARA LA INDUSTRIA,FONDO DE INFORMACION Y DOCUMENTACION PARA LA INDUSTRIA,0,I
COMISION DE APELACION Y ARBITRAJE DEL DEPORTE,COMISION DE APELACION Y ARBITRAJE DEL DEPORTE,0,I
FIDEICOMISO PARA LA CINETECA NACIONAL,FIDEICOMISO PARA LA CINETECA NACIONAL,0,I
HOSPITAL REGIONAL DE ALTA ESPECIALIDAD DE LA PENINSULA DE YUCATAN,HOSPITAL REGIONAL DE ALTA ESPECIALIDAD DE LA PENINSULA DE YUCATAN,0,I
INSTITUTO NACIONAL DEL DERECHO DE AUTOR,INSTITUTO NACIONAL DEL DERECHO DE AUTOR,0,I
INSTITUTO NACIONAL DE CANCEROLOGIA,INSTITUTO NACIONAL DE CANCEROLOGIA,0,I
INSTITUTO NACIONAL DE INVESTIGACIONES FORESTALES AGRICOLAS Y PECUARIAS,INSTITUTO NACIONAL DE INVESTIGACIONES FORESTALES AGRICOLAS Y PECUARIAS,0,I
UNIVERSIDAD PEDAGOGICA NACIONAL,UNIVERSIDAD PEDAGOGICA NACIONAL,0,I
COMISION FEDERAL DE MEJORA REGULATORIA,COMISION FEDERAL DE MEJORA REGULATORIA,0,I
INSTITUTO NACIONAL DE SALUD PUBLICA,INSTITUTO NACIONAL DE SALUD PUBLICA,0,I
FONDO DE CULTURA ECONOMICA,FONDO DE CULTURA ECONOMICA,0,I
COMISION NACIONAL DE LOS SALARIOS MINIMOS,COMISION NACIONAL DE LOS SALARIOS MINIMOS,0,I
CENTRO DE ESTUDIOS SUPERIORES EN TURISMO,CENTRO DE ESTUDIOS SUPERIORES EN TURISMO,0,I
SERVICIO GEOLOGICO MEXICANO,SERVICIO GEOLOGICO MEXICANO,0,I
HOSPITAL REGIONAL DE ALTA ESPECIALIDAD DEL BAJIO,HOSPITAL REGIONAL DE ALTA ESPECIALIDAD DEL BAJIO,0,I
COMPAÑIA MEXICANA DE EXPLORACIONES S.A. DE C.V.,COMPAÑIA MEXICANA DE EXPLORACIONES S.A. DE C.V.,0,I
COMISION NACIONAL DE LAS ZONAS ARIDAS,COMISION NACIONAL DE LAS ZONAS ARIDAS,0,I
ADMINISTRACION PORTUARIA INTEGRAL DE MANZANILLO S.A. DE C.V.,ADMINISTRACION PORTUARIA INTEGRAL DE MANZANILLO S.A. DE C.V.,0,I
TRIBUNAL FEDERAL DE CONCILIACION Y ARBITRAJE,TRIBUNAL FEDERAL DE CONCILIACION Y ARBITRAJE,0,I
SERVICIOS AEROPORTUARIOS DE LA CIUDAD DE MEXICO S.A. DE C.V.,SERVICIOS AEROPORTUARIOS DE LA CIUDAD DE MEXICO S.A. DE C.V.,0,I
FONDO DE OPERACION Y FINANCIAMIENTO BANCARIO A LA VIVIENDA,FONDO DE OPERACION Y FINANCIAMIENTO BANCARIO A LA VIVIENDA,0,I
FIDEICOMISO DE RIESGO COMPARTIDO,FIDEICOMISO DE RIESGO COMPARTIDO,0,I
PEMEX-REFINACION,PEMEX-REFINACION,0,I
FONDO NACIONAL DE FOMENTO AL TURISMO,FONDO NACIONAL DE FOMENTO AL TURISMO,0,I
ADMINISTRACION PORTUARIA INTEGRAL DE DOS BOCAS S.A. DE C.V.,ADMINISTRACION PORTUARIA INTEGRAL DE DOS BOCAS S.A. DE C.V.,0,I
ADMINISTRACION PORTUARIA INTEGRAL DE ALTAMIRA S.A. DE C.V.,ADMINISTRACION PORTUARIA INTEGRAL DE ALTAMIRA S.A. DE C.V.,0,I
FONDO ESPECIAL DE ASISTENCIA TECNICA Y GARANTIA PARA LOS CREDITOS AGROPECUARIOS,FONDO ESPECIAL DE ASISTENCIA TECNICA Y GARANTIA PARA LOS CREDITOS AGROPECUARIOS,0,I
INSTITUTO DE SEGURIDAD SOCIAL PARA LAS FUERZAS ARMADAS MEXICANAS,INSTITUTO DE SEGURIDAD SOCIAL PARA LAS FUERZAS ARMADAS MEXICANAS,0,I
INSTITUTO NACIONAL DE GERIATRÍA,INSTITUTO NACIONAL DE GERIATRÍA,0,I
LABORATORIOS DE BIOLOGICOS Y REACTIVOS DE MEXICO S.A. DE C.V.,LABORATORIOS DE BIOLOGICOS Y REACTIVOS DE MEXICO S.A. DE C.V.,0,I
CENTRO DE INVESTIGACIONES Y ESTUDIOS SUPERIORES EN ANTROPOLOGIA SOCIAL,CENTRO DE INVESTIGACIONES Y ESTUDIOS SUPERIORES EN ANTROPOLOGIA SOCIAL,0,I
CFE SUMINISTRADOR DE SERVICIOS BÁSICOS,CFE SUMINISTRADOR DE SERVICIOS BÁSICOS,0,I
COMPAÑIA OPERADORA DEL CENTRO CULTURAL Y TURISTICO DE TIJUANA S.A. DE C.V.,COMPAÑIA OPERADORA DEL CENTRO CULTURAL Y TURISTICO DE TIJUANA S.A. DE C.V.,0,I
CENTRO DE INVESTIGACIONES BIOLOGICAS DEL NOROESTE S.C.,CENTRO DE INVESTIGACIONES BIOLOGICAS DEL NOROESTE S.C.,0,I
CENTRO NACIONAL DE EXCELENCIA TECNOLOGICA EN SALUD,CENTRO NACIONAL DE EXCELENCIA TECNOLOGICA EN SALUD,0,I
CENTRO DE INVESTIGACION Y DE ESTUDIOS AVANZADOS DEL INSTITUTO POLITECNICO NACIONAL,CENTRO DE INVESTIGACION Y DE ESTUDIOS AVANZADOS DEL INSTITUTO POLITECNICO NACIONAL,0,I
I.I.I. SERVICIOS S.A. DE C.V.,I.I.I. SERVICIOS S.A. DE C.V.,0,I
ADMINISTRACION PORTUARIA INTEGRAL DE PROGRESO S.A. DE C.V.,ADMINISTRACION PORTUARIA INTEGRAL DE PROGRESO S.A. DE C.V.,0,I
CENTRO DE INVESTIGACION Y ASISTENCIA EN TECNOLOGIA Y DISEÑO DEL ESTADO DE JALISCO A.C.,CENTRO DE INVESTIGACION Y ASISTENCIA EN TECNOLOGIA Y DISEÑO DEL ESTADO DE JALISCO A.C.,0,I
UNIVERSIDAD AUTONOMA METROPOLITANA,UNIVERSIDAD AUTONOMA METROPOLITANA,0,I
"INSTITUTO POTOSINO DE INVESTIGACION CIENTIFICA Y TECNOLOGICA, A.C.","INSTITUTO POTOSINO DE INVESTIGACION CIENTIFICA Y TECNOLOGICA, A.C.",0,I
CENTRO NACIONAL DE TRASPLANTES,CENTRO NACIONAL DE TRASPLANTES,0,I
CENTRO NACIONAL DE METROLOGIA,CENTRO NACIONAL DE METROLOGIA,0,I
CONSEJO NACIONAL DE CIENCIA Y TECNOLOGIA,CONSEJO NACIONAL DE CIENCIA Y TECNOLOGIA,0,I
SECRETARIA DE TURISMO,SECRETARIA DE TURISMO,0,I
COMISION DE OPERACION Y FOMENTO DE ACTIVIDADES ACADEMICAS DEL INSTITUTO POLITECNICO NACIONAL,COMISION DE OPERACION Y FOMENTO DE ACTIVIDADES ACADEMICAS DEL INSTITUTO POLITECNICO NACIONAL,0,I
PATRONATO DE OBRAS E INSTALACIONES DEL INSTITUTO POLITECNICO NACIONAL,PATRONATO DE OBRAS E INSTALACIONES DEL INSTITUTO POLITECNICO NACIONAL,0,I
COMISIÓN EJECUTIVA DE ATENCIÓN A VÍCTIMAS,COMISIÓN EJECUTIVA DE ATENCIÓN A VÍCTIMAS,0,I
IMPRESORA Y ENCUADERNADORA PROGRESO S.A. DE C.V.,IMPRESORA Y ENCUADERNADORA PROGRESO S.A. DE C.V.,0,I
INSTITUTO MEXICANO DE CINEMATOGRAFIA,INSTITUTO MEXICANO DE CINEMATOGRAFIA,0,I
INSTITUTO MEXICANO DE LA PROPIEDAD INDUSTRIAL,INSTITUTO MEXICANO DE LA PROPIEDAD INDUSTRIAL,0,I
INSTITUTO DE ADMINISTRACION Y AVALUOS DE BIENES NACIONALES,INSTITUTO DE ADMINISTRACION Y AVALUOS DE BIENES NACIONALES,0,I
"ADMINISTRACION PORTUARIA INTEGRAL DE PUERTO MADERO, S.A. DE C.V.","ADMINISTRACION PORTUARIA INTEGRAL DE PUERTO MADERO, S.A. DE C.V.",0,I
CENTRO NACIONAL DE CONTROL DE ENERGÍA,CENTRO NACIONAL DE CONTROL DE ENERGÍA,0,I
FIDEICOMISO FONDO NACIONAL DE HABITACIONES POPULARES,FIDEICOMISO FONDO NACIONAL DE HABITACIONES POPULARES,0,I
CFE TRANSMISIÓN,CFE TRANSMISIÓN,0,I
INSTITUTO NACIONAL PARA EL FEDERALISMO Y EL DESARROLLO MUNICIPAL,INSTITUTO NACIONAL PARA EL FEDERALISMO Y EL DESARROLLO MUNICIPAL,0,I
COMISIÓN NACIONAL DE HIDROCARBUROS,COMISIÓN NACIONAL DE HIDROCARBUROS,0,I
CENTRO DE ENSEÑANZA TECNICA INDUSTRIAL.,CENTRO DE ENSEÑANZA TECNICA INDUSTRIAL.,0,I
CFE DISTRIBUCIÓN,CFE DISTRIBUCIÓN,0,I
CENTROS DE INTEGRACION JUVENIL A.C.,CENTROS DE INTEGRACION JUVENIL A.C.,0,I
CENTRO DE INVESTIGACION EN ALIMENTACION Y DESARROLLO A.C.,CENTRO DE INVESTIGACION EN ALIMENTACION Y DESARROLLO A.C.,0,I
TRIBUNALES UNITARIOS AGRARIOS,TRIBUNALES UNITARIOS AGRARIOS,0,I
INSTITUTO NACIONAL PARA LA EDUCACION DE LOS ADULTOS,INSTITUTO NACIONAL PARA LA EDUCACION DE LOS ADULTOS,0,I
EL COLEGIO DE MICHOACAN A.C.,EL COLEGIO DE MICHOACAN A.C.,0,I
"CENTRO NACIONAL DE PLANEACION, ANALISIS E INFORMACION PARA EL COMBATE A LA DELINCUENCIA","CENTRO NACIONAL DE PLANEACION, ANALISIS E INFORMACION PARA EL COMBATE A LA DELINCUENCIA",0,I
INSTITUTO NACIONAL DE REHABILITACION,INSTITUTO NACIONAL DE REHABILITACION,0,I
FONDO ESPECIAL PARA FINANCIAMIENTOS AGROPECUARIOS,FONDO ESPECIAL PARA FINANCIAMIENTOS AGROPECUARIOS,0,I
SECCION MEXICANA DE LA COMISION INTERNACIONAL DE LIMITES Y AGUAS MEXICO-GUATEMALA-BELICE,SECCION MEXICANA DE LA COMISION INTERNACIONAL DE LIMITES Y AGUAS MEXICO-GUATEMALA-BELICE,0,I
POLICIA FEDERAL,POLICIA FEDERAL,0,I
PRODUCTORA NACIONAL DE BIOLOGICOS VETERINARIOS,PRODUCTORA NACIONAL DE BIOLOGICOS VETERINARIOS,0,I
ADMINISTRACION PORTUARIA INTEGRAL DE GUAYMAS S.A. DE C.V.,ADMINISTRACION PORTUARIA INTEGRAL DE GUAYMAS S.A. DE C.V.,0,I
EXPORTADORA DE SAL S.A.DE C.V.,EXPORTADORA DE SAL S.A.DE C.V.,0,I
SECRETARÍA EJECUTIVA DEL SISTEMA NACIONAL ANTICORRUPCIÓN,SECRETARÍA EJECUTIVA DEL SISTEMA NACIONAL ANTICORRUPCIÓN,0,I
CENTRO DE INVESTIGACION Y DESARROLLO TECNOLOGICO EN ELECTROQUIMICA S.C.,CENTRO DE INVESTIGACION Y DESARROLLO TECNOLOGICO EN ELECTROQUIMICA S.C.,0,I
FONDO DE EMPRESAS EXPROPIADAS DEL SECTOR AZUCARERO,FONDO DE EMPRESAS EXPROPIADAS DEL SECTOR AZUCARERO,0,I
TRIBUNAL FEDERAL DE JUSTICIA FISCAL Y ADMINISTRATIVA CON SEDE EN EL DISTRITO FEDERAL,TRIBUNAL FEDERAL DE JUSTICIA FISCAL Y ADMINISTRATIVA CON SEDE EN EL DISTRITO FEDERAL,0,I
SECRETARIA DE LA DEFENSA NACIONAL,SECRETARIA DE LA DEFENSA NACIONAL,0,I
INSTITUTO NACIONAL DE MEDICINA GENOMICA,INSTITUTO NACIONAL DE MEDICINA GENOMICA,0,I
COMISION FEDERAL PARA LA PROTECCION CONTRA RIESGOS SANITARIOS,COMISION FEDERAL PARA LA PROTECCION CONTRA RIESGOS SANITARIOS,0,I
SECRETARIA GENERAL DEL CONSEJO NACIONAL DE POBLACION,SECRETARIA GENERAL DEL CONSEJO NACIONAL DE POBLACION,0,I
PREVENCION Y READAPTACION SOCIAL,PREVENCION Y READAPTACION SOCIAL,0,I
PETROLEOS MEXICANOS,PETROLEOS MEXICANOS,0,I
INSTITUTO NACIONAL DE NEUROLOGIA Y NEUROCIRUGIA DR. MANUEL VELASCO SUAREZ,INSTITUTO NACIONAL DE NEUROLOGIA Y NEUROCIRUGIA DR. MANUEL VELASCO SUAREZ,0,I
INSTITUTO DE SEGURIDAD Y SERVICIOS SOCIALES DE LOS TRABAJADORES DEL ESTADO,INSTITUTO DE SEGURIDAD Y SERVICIOS SOCIALES DE LOS TRABAJADORES DEL ESTADO,0,I
INSTITUTO NACIONAL DE CIENCIAS MEDICAS Y NUTRICION SALVADOR ZUBIRAN (INV),INSTITUTO NACIONAL DE CIENCIAS MEDICAS Y NUTRICION SALVADOR ZUBIRAN (INV),0,I
INSTITUTO NACIONAL PARA LA EVALUACION DE LA EDUCACION,INSTITUTO NACIONAL PARA LA EVALUACION DE LA EDUCACION,0,I
FERROCARRILES NACIONALES DE MEXICO,FERROCARRILES NACIONALES DE MEXICO,0,I
SECCION MEXICANA DE LA COMISION INTERNACIONAL DE LIMITES Y AGUAS MEXICO-ESTADOS UNIDOS DE AMERICA,SECCION MEXICANA DE LA COMISION INTERNACIONAL DE LIMITES Y AGUAS MEXICO-ESTADOS UNIDOS DE AMERICA,0,I
SECRETARIA DE ECONOMIA,SECRETARIA DE ECONOMIA,0,I
ESTUDIOS CHURUBUSCO AZTECA S.A.,ESTUDIOS CHURUBUSCO AZTECA S.A.,0,I
CENTRO NACIONAL PARA LA SALUD DE LA INFANCIA Y ADOLESCENCIA,CENTRO NACIONAL PARA LA SALUD DE LA INFANCIA Y ADOLESCENCIA,0,I
COLEGIO NACIONAL DE EDUCACION PROFESIONAL TECNICA,COLEGIO NACIONAL DE EDUCACION PROFESIONAL TECNICA,0,I
"CIATEC, A.C. CENTRO DE INNOVACION APLICADA EN TECNOLOGIAS COMPETITIVAS","CIATEC, A.C. CENTRO DE INNOVACION APLICADA EN TECNOLOGIAS COMPETITIVAS",0,I
FINANCIERA RURAL,FINANCIERA RURAL,0,I
SECRETARIADO EJECUTIVO DEL SISTEMA NACIONAL ANTICORRUPCIÓN,SECRETARIADO EJECUTIVO DEL SISTEMA NACIONAL ANTICORRUPCIÓN,0,I
INSTITUTO NACIONAL DE LA ECONOMÍA SOCIAL,INSTITUTO NACIONAL DE LA ECONOMÍA SOCIAL,0,I
COLEGIO DE POSTGRADUADOS,COLEGIO DE POSTGRADUADOS,0,I
COMISION NACIONAL PARA EL DESARROLLO DE LOS PUEBLOS INDIGENAS,COMISION NACIONAL PARA EL DESARROLLO DE LOS PUEBLOS INDIGENAS,0,I
ADMINISTRACION DEL PATRIMONIO DE LA BENEFICENCIA PUBLICA,ADMINISTRACION DEL PATRIMONIO DE LA BENEFICENCIA PUBLICA,0,I
INSTITUTO DE CAPACITACION Y PROFESIONALIZACION EN PROCURACION DE JUSTICIA FEDERAL,INSTITUTO DE CAPACITACION Y PROFESIONALIZACION EN PROCURACION DE JUSTICIA FEDERAL,0,I
INSTITUTO NACIONAL DE LA PESCA,INSTITUTO NACIONAL DE LA PESCA,0,I
SERVICIO DE ADMINISTRACION Y ENAJENACION DE BIENES,SERVICIO DE ADMINISTRACION Y ENAJENACION DE BIENES,0,I
COMISION FEDERAL DE ELECTRICIDAD,COMISION FEDERAL DE ELECTRICIDAD,0,I
CFE GENERACIÓN V,CFE GENERACIÓN V,0,I
INSTITUTO PARA EL DESARROLLO TECNICO DE LAS HACIENDAS PUBLICAS,INSTITUTO PARA EL DESARROLLO TECNICO DE LAS HACIENDAS PUBLICAS,0,I
SECRETARIADO EJECUTIVO DEL SISTEMA NACIONAL DE SEGURIDAD PUBLICA,SECRETARIADO EJECUTIVO DEL SISTEMA NACIONAL DE SEGURIDAD PUBLICA,0,I
INSTITUTO DE INVESTIGACIONES ELECTRICAS,INSTITUTO DE INVESTIGACIONES ELECTRICAS,0,I
P.M.I. COMERCIO INTERNACIONAL S.A. DE C.V.,P.M.I. COMERCIO INTERNACIONAL S.A. DE C.V.,0,I
INSTITUTO NACIONAL DE PERINATOLOGIA ISIDRO ESPINOSA DE LOS REYES,INSTITUTO NACIONAL DE PERINATOLOGIA ISIDRO ESPINOSA DE LOS REYES,0,I
CENTRO NACIONAL DE PREVENCION DE DESASTRES,CENTRO NACIONAL DE PREVENCION DE DESASTRES,0,I
INSTITUTO NACIONAL DE LAS PERSONAS ADULTAS MAYORES,INSTITUTO NACIONAL DE LAS PERSONAS ADULTAS MAYORES,0,I
HOSPITAL REGIONAL DE ALTA ESPECIALIDAD DE OAXACA,HOSPITAL REGIONAL DE ALTA ESPECIALIDAD DE OAXACA,0,I
EL COLEGIO DE LA FRONTERA NORTE A.C.,EL COLEGIO DE LA FRONTERA NORTE A.C.,0,I
UNIVERSIDAD ABIERTA Y A DISTANCIA DE MÉXICO,UNIVERSIDAD ABIERTA Y A DISTANCIA DE MÉXICO,0,I
"FONATUR PRESTADORA DE SERVICIOS, S.A. DE C.V.","FONATUR PRESTADORA DE SERVICIOS, S.A. DE C.V.",0,I
CENTRO DE PRODUCCION DE PROGRAMAS INFORMATIVOS Y ESPECIALES,CENTRO DE PRODUCCION DE PROGRAMAS INFORMATIVOS Y ESPECIALES,0,I
ADMINISTRACION PORTUARIA INTEGRAL DE MAZATLAN S.A. DE C.V.,ADMINISTRACION PORTUARIA INTEGRAL DE MAZATLAN S.A. DE C.V.,0,I
INSTITUTO NACIONAL DE LAS MUJERES,INSTITUTO NACIONAL DE LAS MUJERES,0,I
CENTRO NACIONAL PARA LA PREVENCIÓN Y EL CONTROL DE LAS ADICCIONES,CENTRO NACIONAL PARA LA PREVENCIÓN Y EL CONTROL DE LAS ADICCIONES,0,I
SECRETARIA DE RELACIONES EXTERIORES,SECRETARIA DE RELACIONES EXTERIORES,0,I
CENTRO DE INVESTIGACION EN GEOGRAFIA Y GEOMATICA ING. JORGE L. TAMAYO A.C.,CENTRO DE INVESTIGACION EN GEOGRAFIA Y GEOMATICA ING. JORGE L. TAMAYO A.C.,0,I
PROCURADURIA GENERAL DE LA REPUBLICA,PROCURADURIA GENERAL DE LA REPUBLICA,0,I
CENTRO DE INVESTIGACION CIENTIFICA Y DE EDUCACION SUPERIOR DE ENSENADA B.C.,CENTRO DE INVESTIGACION CIENTIFICA Y DE EDUCACION SUPERIOR DE ENSENADA B.C.,0,I
SERVICIOS A LA NAVEGACION EN EL ESPACIO AEREO MEXICANO,SERVICIOS A LA NAVEGACION EN EL ESPACIO AEREO MEXICANO,0,I
INSTITUTO NACIONAL DE ASTROFISICA OPTICA Y ELECTRONICA,INSTITUTO NACIONAL DE ASTROFISICA OPTICA Y ELECTRONICA,0,I
COORDINACION GENERAL DE LA COMISION MEXICANA DE AYUDA A REFUGIADOS,COORDINACION GENERAL DE LA COMISION MEXICANA DE AYUDA A REFUGIADOS,0,I
INSTITUTO NACIONAL DE DESARROLLO SOCIAL,INSTITUTO NACIONAL DE DESARROLLO SOCIAL,0,I
INSTITUTO FEDERAL DE TELECOMUNICACIONES,INSTITUTO FEDERAL DE TELECOMUNICACIONES,0,I
SERVICIO NACIONAL DE INSPECCION Y CERTIFICACION DE SEMILLAS,SERVICIO NACIONAL DE INSPECCION Y CERTIFICACION DE SEMILLAS,0,I
COMISION PARA LA REGULARIZACION DE LA TENENCIA DE LA TIERRA,COMISION PARA LA REGULARIZACION DE LA TENENCIA DE LA TIERRA,0,I
INSTITUTO DEL FONDO NACIONAL PARA EL CONSUMO DE LOS TRABAJADORES,INSTITUTO DEL FONDO NACIONAL PARA EL CONSUMO DE LOS TRABAJADORES,0,I
SECRETARIA DE GOBERNACION,SECRETARIA DE GOBERNACION,0,I
CENTRO NACIONAL DE CONTROL DE GAS NATURAL,CENTRO NACIONAL DE CONTROL DE GAS NATURAL,0,I
CAMINOS Y PUENTES FEDERALES DE INGRESOS Y SERVICIOS CONEXOS,CAMINOS Y PUENTES FEDERALES DE INGRESOS Y SERVICIOS CONEXOS,0,I
XE-IPN CANAL 11,XE-IPN CANAL 11,0,I
"FONDO DE GARANTIA Y FOMENTO PARA LA AGRICULTURA, GANADERIA Y AVICULTURA","FONDO DE GARANTIA Y FOMENTO PARA LA AGRICULTURA, GANADERIA Y AVICULTURA",0,I
INSTITUTO POLITECNICO NACIONAL,INSTITUTO POLITECNICO NACIONAL,0,I
INSTITUTO MEXICANO DEL TRANSPORTE,INSTITUTO MEXICANO DEL TRANSPORTE,0,I
SOCIEDAD HIPOTECARIA FEDERAL S.N.C.,SOCIEDAD HIPOTECARIA FEDERAL S.N.C.,0,I
CENTRO NACIONAL DE VIGILANCIA EPIDEMIOLOGICA Y CONTRTOL DE ENFERMEDADES,CENTRO NACIONAL DE VIGILANCIA EPIDEMIOLOGICA Y CONTRTOL DE ENFERMEDADES,0,I
AUTORIDAD FEDERAL PARA EL DESARROLLO DE LAS ZONAS ECONÓMICAS ESPECIALES,AUTORIDAD FEDERAL PARA EL DESARROLLO DE LAS ZONAS ECONÓMICAS ESPECIALES,0,I
CONSEJO NACIONAL DE FOMENTO EDUCATIVO,CONSEJO NACIONAL DE FOMENTO EDUCATIVO,0,I
CENTRO NACIONAL PARA LA PREVENCION Y CONTROL DEL VIH/SIDA,CENTRO NACIONAL PARA LA PREVENCION Y CONTROL DEL VIH/SIDA,0,I
EDUCAL S.A. DE C.V.,EDUCAL S.A. DE C.V.,0,I
SISTEMA NACIONAL PARA EL DESARROLLO INTEGRAL DE LA FAMILIA,SISTEMA NACIONAL PARA EL DESARROLLO INTEGRAL DE LA FAMILIA,0,I
CONSEJO NACIONAL PARA LA CULTURA Y LAS ARTES,CONSEJO NACIONAL PARA LA CULTURA Y LAS ARTES,0,I
COMISION NACIONAL DE VIVIENDA,COMISION NACIONAL DE VIVIENDA,0,I
INSTITUTO NACIONAL DE LENGUAS INDIGENAS,INSTITUTO NACIONAL DE LENGUAS INDIGENAS,0,I
CENTRO DE INVESTIGACION EN MATEMATICAS A.C.,CENTRO DE INVESTIGACION EN MATEMATICAS A.C.,0,I
CENTRO DE INGENIERIA Y DESARROLLO INDUSTRIAL,CENTRO DE INGENIERIA Y DESARROLLO INDUSTRIAL,0,I
CENTRO DE EVALUACION Y DESARROLLO HUMANO,CENTRO DE EVALUACION Y DESARROLLO HUMANO,0,I
HOSPITAL INFANTIL DE MEXICO FEDERICO GOMEZ,HOSPITAL INFANTIL DE MEXICO FEDERICO GOMEZ,0,I
Instituto Federal de Telecomunicaciones,Instituto Federal de Telecomunicaciones,0,I
Secretaría de la Función Pública,Secretaría de la Función Pública,0,I
Secretaría de Hacienda y Crédito Público,Secretaría de Hacienda y Crédito Público,0,I
Fondo de la Vivienda del Instituto de Seguridad y Servicios Sociales de los Trabajadores del Estado ,Fondo de la Vivienda del Instituto de Seguridad y Servicios Sociales de los Trabajadores del Estado ,0,I
